Transaction Date,Value Date,Transaction Remarks,Cheque Number,Type,Transaction Amount,Balance
01-JUN-2025,01-JUN-2025,UPI/114138888677/BIGBASKET SUPERMKT/ICIC,,DR,2876.23,140123.77
01-JUN-2025,01-JUN-2025,UPI/661669017853/WOW MOMO FOODS/AXIS,,DR,546.32,139577.45
02-JUN-2025,02-JUN-2025,UPI/422301735005/NOBROKER PAY RENT LANDLORD/HDFC,,DR,28000.00,111577.45
03-JUN-2025,03-JUN-2025,POS 5183XXXXXXXX8901 HPCL PETROL PUMP,,DR,2053.44,109524.01
03-JUN-2025,03-JUN-2025,POS 5363XXXXXXXX8311 THIRD WAVE COFFEE,,DR,313.57,109210.44
04-JUN-2025,04-JUN-2025,UPI/269625281532/SWIGGY FOOD ORDER/HDFC,,DR,375.32,108835.12
05-JUN-2025,05-JUN-2025,POS 4543XXXXXXXX3399 IRCTC RAIL TICKET BOOKING,,DR,2017.27,106817.85
05-JUN-2025,05-JUN-2025,UPI/AUTOPAY/AIRTEL BROADBAND BILL/AIRT,,DR,1199.00,105618.85
06-JUN-2025,06-JUN-2025,UPI/614082041420/ZERODHA BROKING MF SIP/ZERO,,DR,12000.00,93618.85
07-JUN-2025,07-JUN-2025,ACH DR NETFLIX ENTERTAINMENT SVC,,DR,649.00,92969.85
07-JUN-2025,07-JUN-2025,POS 4157XXXXXXXX7838 STEAM GAMES VALVE CORP,,DR,2239.83,90730.02
07-JUN-2025,07-JUN-2025,POS 4554XXXXXXXX9182 HPCL PETROL PUMP,,DR,2521.06,88208.96
07-JUN-2025,07-JUN-2025,UPI/802983953897/SWIGGY FOOD ORDER/HDFC,,DR,781.48,87427.48
08-JUN-2025,08-JUN-2025,POS 4131XXXXXXXX5926 STARBUCKS COFFEE INDIA,,DR,503.47,86924.01
08-JUN-2025,08-JUN-2025,UPI/567102610419/URBAN COMPANY SALON/HDFC,,DR,490.24,86433.77
08-JUN-2025,08-JUN-2025,UPI/AUTOPAY/BESCOM ELECTRICITY BILL/BESC,,DR,2791.93,83641.84
09-JUN-2025,09-JUN-2025,ACH DR HDFC ERGO HEALTH INSURANCE PREM,,DR,2450.00,81191.84
10-JUN-2025,10-JUN-2025,UPI/634227561333/COUNTRY DELIGHT MILK/AXIS,,DR,535.60,80656.24
11-JUN-2025,11-JUN-2025,ACH DR SPOTIFY INDIA PREMIUM,,DR,149.00,80507.24
11-JUN-2025,11-JUN-2025,UPI/682157371704/BEHROUZ BIRYANI/PAYTM,,DR,754.70,79752.54
12-JUN-2025,12-JUN-2025,ATW-4219XXXXXXXX4718-HDFC BANK ATM CASH WITHDRAWAL,,DR,5000.00,74752.54
12-JUN-2025,12-JUN-2025,UPI/428935885511/MAHANAGAR GAS BILL PAY/MGAS,,DR,688.23,74064.31
13-JUN-2025,13-JUN-2025,POS 5190XXXXXXXX8369 AMAZON SELLER SERVICES,,DR,4629.12,69435.19
14-JUN-2025,14-JUN-2025,NEFT DR-INCOME TAX DEPT-ADVANCE TAX INSTALMENT,,DR,65493.53,3941.66
14-JUN-2025,14-JUN-2025,UPI/AUTOPAY/JIO POSTPAID BILL/RJIO,,DR,599.00,3342.66
15-JUN-2025,15-JUN-2025,POS 4270XXXXXXXX7285 MCDONALDS INDIA PVT,,DR,674.78,2667.88
16-JUN-2025,16-JUN-2025,ACH DR ADOBE CREATIVE CLOUD,,DR,1675.00,992.88
16-JUN-2025,16-JUN-2025,IMPS CR-970577790-NORTHWIND SAAS-INVOICE SETTLEMENT,,CR,37809.75,38802.63
16-JUN-2025,16-JUN-2025,POS 5401XXXXXXXX1132 STARBUCKS COFFEE INDIA,,DR,376.95,38425.68
16-JUN-2025,16-JUN-2025,UPI/808354135369/BIGBASKET SUPERMKT/ICIC,,DR,1777.81,36647.87
17-JUN-2025,17-JUN-2025,POS 5492XXXXXXXX7911 IRCTC RAIL TICKET BOOKING,,DR,1843.68,34804.19
18-JUN-2025,18-JUN-2025,UPI/360417530637/UBER INDIA SYSTEMS/HDFC,,DR,437.73,34366.46
19-JUN-2025,19-JUN-2025,ACH DR GOOGLE ONE STORAGE,,DR,210.00,34156.46
19-JUN-2025,19-JUN-2025,UPI/223375714614/CRED CLUB CREDIT CARD BILL/AXIS,,DR,9209.50,24946.96
21-JUN-2025,21-JUN-2025,IMPS CR-620454510-NORTHWIND SAAS-INVOICE SETTLEMENT,,CR,41342.22,66289.18
21-JUN-2025,21-JUN-2025,UPI/246817707214/URBAN COMPANY SALON/HDFC,,DR,884.19,65404.99
21-JUN-2025,21-JUN-2025,UPI/337802392373/UBER INDIA SYSTEMS/HDFC,,DR,314.90,65090.09
23-JUN-2025,23-JUN-2025,POS 5454XXXXXXXX8120 PRACTO CONSULT,,DR,1250.51,63839.58
24-JUN-2025,24-JUN-2025,POS 4388XXXXXXXX9858 CHAAYOS TEA CAFE,,DR,163.10,63676.48
25-JUN-2025,25-JUN-2025,UPI/801395520120/BIGBASKET SUPERMKT/ICIC,,DR,3332.24,60344.24
25-JUN-2025,25-JUN-2025,UPI/827101071327/RAPIDO BIKE TAXI/YESB,,DR,187.91,60156.33
27-JUN-2025,27-JUN-2025,POS 5061XXXXXXXX3731 IRCTC RAIL TICKET BOOKING,,DR,2277.27,57879.06
28-JUN-2025,28-JUN-2025,POS 5526XXXXXXXX6375 IRCTC RAIL TICKET BOOKING,,DR,946.96,56932.10
28-JUN-2025,28-JUN-2025,UPI/170660990342/WOW MOMO FOODS/AXIS,,DR,552.86,56379.24
28-JUN-2025,28-JUN-2025,UPI/725526150826/ZEPTO NOW/YESB,,DR,456.92,55922.32
28-JUN-2025,28-JUN-2025,UPI/774065166440/PHARMEASY ONLINE/ICIC,,DR,1435.97,54486.35
30-JUN-2025,30-JUN-2025,UPI/446052128960/LICIOUS MEAT DELIVERY/HDFC,,DR,1343.28,53143.07
01-JUL-2025,01-JUL-2025,ATM CASH WDL CHARGE EXCEEDING FREE LIMIT INCL GST,,DR,25.96,53117.11
01-JUL-2025,01-JUL-2025,UPI/551126088307/BIGBASKET SUPERMKT/ICIC,,DR,2289.16,50827.95
02-JUL-2025,02-JUL-2025,POS 4088XXXXXXXX8630 IRCTC RAIL TICKET BOOKING,,DR,1282.30,49545.65
02-JUL-2025,02-JUL-2025,UPI/327129405710/LICIOUS MEAT DELIVERY/HDFC,,DR,1298.63,48247.02
02-JUL-2025,02-JUL-2025,UPI/578711364102/NOBROKER PAY RENT LANDLORD/HDFC,,DR,28000.00,20247.02
03-JUL-2025,03-JUL-2025,UPI/525079250022/COUNTRY DELIGHT MILK/AXIS,,DR,732.93,19514.09
03-JUL-2025,03-JUL-2025,UPI/961125754873/DOMINOS PIZZA IND/ICIC,,DR,661.01,18853.08
04-JUL-2025,04-JUL-2025,UPI/601958210538/PAYTM FASTAG RECHARGE/PYTM,,DR,453.37,18399.71
04-JUL-2025,04-JUL-2025,UPI/650062197158/BIGBASKET SUPERMKT/ICIC,,DR,1362.83,17036.88
05-JUL-2025,05-JUL-2025,POS 4383XXXXXXXX1662 THIRD WAVE COFFEE,,DR,494.06,16542.82
05-JUL-2025,05-JUL-2025,POS 5485XXXXXXXX3766 PVR CINEMAS LTD,,DR,454.32,16088.50
05-JUL-2025,05-JUL-2025,UPI/350179348532/RAPIDO BIKE TAXI/YESB,,DR,218.86,15869.64
05-JUL-2025,05-JUL-2025,UPI/575203026582/URBAN COMPANY SALON/HDFC,,DR,911.26,14958.38
05-JUL-2025,05-JUL-2025,UPI/AUTOPAY/AIRTEL BROADBAND BILL/AIRT,,DR,1199.00,13759.38
06-JUL-2025,06-JUL-2025,UPI/209397759911/OLA CABS ANI TECH/PAYTM,,DR,645.14,13114.24
06-JUL-2025,06-JUL-2025,UPI/729483847870/ZERODHA BROKING MF SIP/ZERO,,DR,12000.00,1114.24
07-JUL-2025,07-JUL-2025,ACH DR NETFLIX ENTERTAINMENT SVC,,DR,649.00,465.24
07-JUL-2025,07-JUL-2025,POS 5098XXXXXXXX1504 STARBUCKS COFFEE INDIA,,DR,441.83,23.41
07-JUL-2025,07-JUL-2025,UPI/292638680521/RAPIDO BIKE TAXI/YESB,,DR,218.01,-194.60
08-JUL-2025,08-JUL-2025,POS 5210XXXXXXXX2512 IRCTC RAIL TICKET BOOKING,,DR,1506.92,-1701.52
08-JUL-2025,08-JUL-2025,UPI/AUTOPAY/BESCOM ELECTRICITY BILL/BESC,,DR,1417.50,-3119.02
09-JUL-2025,09-JUL-2025,ACH DR HDFC ERGO HEALTH INSURANCE PREM,,DR,2450.00,-5569.02
09-JUL-2025,09-JUL-2025,POS 4269XXXXXXXX2143 THIRD WAVE COFFEE,,DR,197.67,-5766.69
11-JUL-2025,11-JUL-2025,ACH DR SPOTIFY INDIA PREMIUM,,DR,149.00,-5915.69
12-JUL-2025,12-JUL-2025,UPI/117505364244/MAHANAGAR GAS BILL PAY/MGAS,,DR,658.52,-6574.21
12-JUL-2025,12-JUL-2025,UPI/187327524748/UBER INDIA SYSTEMS/HDFC,,DR,618.22,-7192.43
12-JUL-2025,12-JUL-2025,UPI/981192987861/SWIGGY FOOD ORDER/HDFC,,DR,510.67,-7703.10
14-JUL-2025,14-JUL-2025,POS 5151XXXXXXXX7668 IRCTC RAIL TICKET BOOKING,,DR,2318.20,-10021.30
14-JUL-2025,14-JUL-2025,UPI/AUTOPAY/JIO POSTPAID BILL/RJIO,,DR,599.00,-10620.30
15-JUL-2025,15-JUL-2025,UPI/667152751823/WOW MOMO FOODS/AXIS,,DR,244.53,-10864.83
16-JUL-2025,16-JUL-2025,ACH DR ADOBE CREATIVE CLOUD,,DR,1675.00,-12539.83
16-JUL-2025,16-JUL-2025,POS 5187XXXXXXXX3283 IRCTC RAIL TICKET BOOKING,,DR,2160.63,-14700.46
16-JUL-2025,16-JUL-2025,UPI/699761349751/WOW MOMO FOODS/AXIS,,DR,154.13,-14854.59
18-JUL-2025,18-JUL-2025,UPI/311671445144/SWIGGY FOOD ORDER/HDFC,,DR,274.68,-15129.27
19-JUL-2025,19-JUL-2025,ACH DR GOOGLE ONE STORAGE,,DR,210.00,-15339.27
19-JUL-2025,19-JUL-2025,POS 5154XXXXXXXX9801 LAKME SALON,,DR,1975.34,-17314.61
19-JUL-2025,19-JUL-2025,UPI/218063139031/DOMINOS PIZZA IND/ICIC,,DR,578.38,-17892.99
19-JUL-2025,19-JUL-2025,UPI/288042623797/BOOKMYSHOW TICKETS/HDFC,,DR,1182.41,-19075.40
21-JUL-2025,21-JUL-2025,POS 4268XXXXXXXX8665 DECATHLON SPORTS INDIA,,DR,3868.89,-22944.29
21-JUL-2025,21-JUL-2025,POS 5521XXXXXXXX1160 CULT FIT FITNESS,,DR,1762.81,-24707.10
21-JUL-2025,21-JUL-2025,UPI/848719550238/RAPIDO BIKE TAXI/YESB,,DR,71.64,-24778.74
22-JUL-2025,22-JUL-2025,ATW-4097XXXXXXXX4949-HDFC BANK ATM CASH WITHDRAWAL,,DR,3000.00,-27778.74
22-JUL-2025,22-JUL-2025,ATW-4881XXXXXXXX6523-HDFC BANK ATM CASH WITHDRAWAL,,DR,3000.00,-30778.74
22-JUL-2025,22-JUL-2025,IMPS CR-251281558-KETTLE & CO-INVOICE SETTLEMENT,,CR,58261.01,27482.27
22-JUL-2025,22-JUL-2025,UPI/504860116418/URBAN COMPANY SALON/HDFC,,DR,1507.38,25974.89
24-JUL-2025,24-JUL-2025,UPI/813827640903/PAYTM FASTAG RECHARGE/PYTM,,DR,803.26,25171.63
25-JUL-2025,25-JUL-2025,IMPS CR-594812286-BLUEPRINT STUDIO-INVOICE SETTLEMENT,,CR,56741.99,81913.62
25-JUL-2025,25-JUL-2025,IMPS CR-690976375-BLUEPRINT STUDIO-INVOICE SETTLEMENT,,CR,74621.54,156535.16
26-JUL-2025,26-JUL-2025,UPI/242342944476/BEHROUZ BIRYANI/PAYTM,,DR,606.38,155928.78
27-JUL-2025,27-JUL-2025,UPI/162047434060/NAMMA YATRI/AXIS,,DR,270.82,155657.96
27-JUL-2025,27-JUL-2025,UPI/939302528490/LICIOUS MEAT DELIVERY/HDFC,,DR,677.02,154980.94
28-JUL-2025,28-JUL-2025,POS 4175XXXXXXXX2615 AMAZON SELLER SERVICES,,DR,2250.26,152730.68
28-JUL-2025,28-JUL-2025,POS 4802XXXXXXXX5342 STARBUCKS COFFEE INDIA,,DR,273.22,152457.46
28-JUL-2025,28-JUL-2025,UPI/780373925658/OLA CABS ANI TECH/PAYTM,,DR,187.96,152269.50
29-JUL-2025,29-JUL-2025,UPI/743171946065/DOMINOS PIZZA IND/ICIC,,DR,806.25,151463.25
01-AUG-2025,01-AUG-2025,POS 4042XXXXXXXX1168 AMAZON SELLER SERVICES,,DR,3935.93,147527.32
01-AUG-2025,01-AUG-2025,POS 4645XXXXXXXX7866 CHAAYOS TEA CAFE,,DR,294.02,147233.30
02-AUG-2025,02-AUG-2025,UPI/376056495138/BARBEQUE NATION HOSP/HDFC,,DR,2679.06,144554.24
02-AUG-2025,02-AUG-2025,UPI/478248720295/PAYTM FASTAG RECHARGE/PYTM,,DR,641.50,143912.74
02-AUG-2025,02-AUG-2025,UPI/841142611707/NOBROKER PAY RENT LANDLORD/HDFC,,DR,28000.00,115912.74
03-AUG-2025,03-AUG-2025,POS 4905XXXXXXXX5663 PVR CINEMAS LTD,,DR,371.79,115540.95
03-AUG-2025,03-AUG-2025,UPI/447184878186/COUNTRY DELIGHT MILK/AXIS,,DR,455.44,115085.51
03-AUG-2025,03-AUG-2025,UPI/611974633641/PAYTM FASTAG RECHARGE/PYTM,,DR,725.94,114359.57
04-AUG-2025,04-AUG-2025,UPI/466127634693/UBER INDIA SYSTEMS/HDFC,,DR,180.99,114178.58
05-AUG-2025,05-AUG-2025,UPI/AUTOPAY/AIRTEL BROADBAND BILL/AIRT,,DR,1199.00,112979.58
06-AUG-2025,06-AUG-2025,POS 5599XXXXXXXX7266 CHAAYOS TEA CAFE,,DR,246.56,112733.02
06-AUG-2025,06-AUG-2025,UPI/866753727276/ZERODHA BROKING MF SIP/ZERO,,DR,12000.00,100733.02
07-AUG-2025,07-AUG-2025,ACH DR NETFLIX ENTERTAINMENT SVC,,DR,649.00,100084.02
07-AUG-2025,07-AUG-2025,IMPS CR-357239855-NORTHWIND SAAS-INVOICE SETTLEMENT,,CR,57230.99,157315.01
07-AUG-2025,07-AUG-2025,UPI/780638047514/PAYTM FASTAG RECHARGE/PYTM,,DR,834.80,156480.21
08-AUG-2025,08-AUG-2025,UPI/794425800581/RAPIDO BIKE TAXI/YESB,,DR,210.76,156269.45
08-AUG-2025,08-AUG-2025,UPI/896189302364/URBAN COMPANY SALON/HDFC,,DR,1181.65,155087.80
08-AUG-2025,08-AUG-2025,UPI/AUTOPAY/BESCOM ELECTRICITY BILL/BESC,,DR,1380.66,153707.14
09-AUG-2025,09-AUG-2025,ACH DR HDFC ERGO HEALTH INSURANCE PREM,,DR,2450.00,151257.14
09-AUG-2025,09-AUG-2025,POS 4277XXXXXXXX4009 PVR CINEMAS LTD,,DR,854.31,150402.83
09-AUG-2025,09-AUG-2025,POS 5443XXXXXXXX9245 DMART AVENUE SUPERMARTS,,DR,1325.50,149077.33
09-AUG-2025,09-AUG-2025,POS 5563XXXXXXXX1278 HPCL PETROL PUMP,,DR,2266.81,146810.52
10-AUG-2025,10-AUG-2025,POS 4105XXXXXXXX1971 STEAM GAMES VALVE CORP,,DR,638.73,146171.79
10-AUG-2025,10-AUG-2025,POS 4974XXXXXXXX5593 DMART AVENUE SUPERMARTS,,DR,2797.12,143374.67
10-AUG-2025,10-AUG-2025,UPI/299118039219/BARBEQUE NATION HOSP/HDFC,,DR,2909.53,140465.14
11-AUG-2025,11-AUG-2025,ACH DR SPOTIFY INDIA PREMIUM,,DR,149.00,140316.14
11-AUG-2025,11-AUG-2025,IMPS CR-353809958-MERIDIAN LABS-INVOICE SETTLEMENT,,CR,50908.10,191224.24
12-AUG-2025,12-AUG-2025,UPI/994283839107/MAHANAGAR GAS BILL PAY/MGAS,,DR,1072.42,190151.82
14-AUG-2025,14-AUG-2025,POS 4787XXXXXXXX5905 AMAZON SELLER SERVICES,,DR,4296.15,185855.67
14-AUG-2025,14-AUG-2025,UPI/AUTOPAY/JIO POSTPAID BILL/RJIO,,DR,599.00,185256.67
15-AUG-2025,15-AUG-2025,UPI/184697667138/DOMINOS PIZZA IND/ICIC,,DR,889.44,184367.23
15-AUG-2025,15-AUG-2025,UPI/309546495843/OLA CABS ANI TECH/PAYTM,,DR,352.69,184014.54
16-AUG-2025,16-AUG-2025,ACH DR ADOBE CREATIVE CLOUD,,DR,1675.00,182339.54
16-AUG-2025,16-AUG-2025,UPI/632858108652/PAYTM FASTAG RECHARGE/PYTM,,DR,464.48,181875.06
17-AUG-2025,17-AUG-2025,POS 4920XXXXXXXX8265 STEAM GAMES VALVE CORP,,DR,1407.15,180467.91
17-AUG-2025,17-AUG-2025,UPI/624408479159/BLINKIT GROCERY/HDFC,,DR,649.10,179818.81
17-AUG-2025,17-AUG-2025,UPI/845717518680/RAPIDO BIKE TAXI/YESB,,DR,148.11,179670.70
18-AUG-2025,18-AUG-2025,POS 5136XXXXXXXX6510 MCDONALDS INDIA PVT,,DR,336.59,179334.11
18-AUG-2025,18-AUG-2025,UPI/179864683012/NYKAA ECOMM/ICIC,,DR,981.72,178352.39
19-AUG-2025,19-AUG-2025,ACH DR GOOGLE ONE STORAGE,,DR,210.00,178142.39
19-AUG-2025,19-AUG-2025,ATW-4080XXXXXXXX6772-HDFC BANK ATM CASH WITHDRAWAL,,DR,5000.00,173142.39
19-AUG-2025,19-AUG-2025,UPI/392986108860/PHARMEASY ONLINE/ICIC,,DR,528.55,172613.84
19-AUG-2025,19-AUG-2025,UPI/772464203144/WOW MOMO FOODS/AXIS,,DR,455.65,172158.19
21-AUG-2025,21-AUG-2025,POS 4170XXXXXXXX6495 HPCL PETROL PUMP,,DR,2483.27,169674.92
21-AUG-2025,21-AUG-2025,UPI/451691584977/BIGBASKET SUPERMKT/ICIC,,DR,2073.75,167601.17
22-AUG-2025,22-AUG-2025,UPI/657224102921/ZEPTO NOW/YESB,,DR,1146.07,166455.10
23-AUG-2025,23-AUG-2025,POS 4795XXXXXXXX7691 THIRD WAVE COFFEE,,DR,249.57,166205.53
24-AUG-2025,24-AUG-2025,POS 4859XXXXXXXX6911 PRACTO CONSULT,,DR,684.00,165521.53
24-AUG-2025,24-AUG-2025,POS 5019XXXXXXXX9515 STEAM GAMES VALVE CORP,,DR,2465.18,163056.35
24-AUG-2025,24-AUG-2025,UPI/280922431555/RAPIDO BIKE TAXI/YESB,,DR,79.04,162977.31
24-AUG-2025,24-AUG-2025,UPI/654121879296/CRED CLUB CREDIT CARD BILL/AXIS,,DR,5607.82,157369.49
24-AUG-2025,24-AUG-2025,UPI/902358398831/SWIGGY FOOD ORDER/HDFC,,DR,374.92,156994.57
25-AUG-2025,25-AUG-2025,UPI/447868334765/BEHROUZ BIRYANI/PAYTM,,DR,790.42,156204.15
25-AUG-2025,25-AUG-2025,UPI/834005009210/BIGBASKET SUPERMKT/ICIC,,DR,3363.05,152841.10
26-AUG-2025,26-AUG-2025,UPI/543393980940/NAMMA YATRI/AXIS,,DR,345.99,152495.11
26-AUG-2025,26-AUG-2025,UPI/710824708036/BLINKIT GROCERY/HDFC,,DR,939.04,151556.07
26-AUG-2025,26-AUG-2025,UPI/835585227885/ZOMATO ONLINE ORDER/YESB,,DR,399.35,151156.72
29-AUG-2025,29-AUG-2025,UPI/574786320633/RAPIDO BIKE TAXI/YESB,,DR,142.27,151014.45
30-AUG-2025,30-AUG-2025,UPI/453878517248/BEHROUZ BIRYANI/PAYTM,,DR,1293.64,149720.81
30-AUG-2025,30-AUG-2025,UPI/525732264431/COUNTRY DELIGHT MILK/AXIS,,DR,635.47,149085.34
31-AUG-2025,31-AUG-2025,POS 4796XXXXXXXX3984 IRCTC RAIL TICKET BOOKING,,DR,637.04,148448.30
31-AUG-2025,31-AUG-2025,POS 4944XXXXXXXX9440 STEAM GAMES VALVE CORP,,DR,1415.88,147032.42
31-AUG-2025,31-AUG-2025,UPI/198627384171/BARBEQUE NATION HOSP/HDFC,,DR,2973.72,144058.70
31-AUG-2025,31-AUG-2025,UPI/631489815900/BLINKIT GROCERY/HDFC,,DR,828.57,143230.13
02-SEP-2025,02-SEP-2025,POS 4425XXXXXXXX7202 IKEA INDIA PVT LTD,,DR,6812.11,136418.02
02-SEP-2025,02-SEP-2025,UPI/418291964148/NOBROKER PAY RENT LANDLORD/HDFC,,DR,28000.00,108418.02
03-SEP-2025,03-SEP-2025,POS 5207XXXXXXXX7016 CHAAYOS TEA CAFE,,DR,135.68,108282.34
03-SEP-2025,03-SEP-2025,UPI/279633231797/NAMMA YATRI/AXIS,,DR,107.82,108174.52
03-SEP-2025,03-SEP-2025,UPI/716771928383/URBAN COMPANY SALON/HDFC,,DR,1221.12,106953.40
04-SEP-2025,04-SEP-2025,POS 5412XXXXXXXX7535 HPCL PETROL PUMP,,DR,1560.49,105392.91
04-SEP-2025,04-SEP-2025,UPI/662976092316/WOW MOMO FOODS/AXIS,,DR,295.99,105096.92
05-SEP-2025,05-SEP-2025,UPI/136763170681/NAMMA YATRI/AXIS,,DR,281.66,104815.26
05-SEP-2025,05-SEP-2025,UPI/AUTOPAY/AIRTEL BROADBAND BILL/AIRT,,DR,1199.00,103616.26
06-SEP-2025,06-SEP-2025,UPI/485343876678/ZERODHA BROKING MF SIP/ZERO,,DR,12000.00,91616.26
06-SEP-2025,06-SEP-2025,UPI/515301241814/BEHROUZ BIRYANI/PAYTM,,DR,1127.31,90488.95
07-SEP-2025,07-SEP-2025,ACH DR NETFLIX ENTERTAINMENT SVC,,DR,649.00,89839.95
07-SEP-2025,07-SEP-2025,UPI/314171223830/BLINKIT GROCERY/HDFC,,DR,706.92,89133.03
07-SEP-2025,07-SEP-2025,UPI/858954323742/OLA CABS ANI TECH/PAYTM,,DR,510.43,88622.60
08-SEP-2025,08-SEP-2025,UPI/AUTOPAY/BESCOM ELECTRICITY BILL/BESC,,DR,1369.66,87252.94
09-SEP-2025,09-SEP-2025,ACH DR HDFC ERGO HEALTH INSURANCE PREM,,DR,2450.00,84802.94
10-SEP-2025,10-SEP-2025,UPI/672404933654/BLINKIT GROCERY/HDFC,,DR,352.44,84450.50
11-SEP-2025,11-SEP-2025,ACH DR SPOTIFY INDIA PREMIUM,,DR,149.00,84301.50
11-SEP-2025,11-SEP-2025,IMPS CR-127683213-NORTHWIND SAAS-INVOICE SETTLEMENT,,CR,73200.14,157501.64
11-SEP-2025,11-SEP-2025,UPI/442724416548/SWIGGY FOOD ORDER/HDFC,,DR,420.37,157081.27
12-SEP-2025,12-SEP-2025,UPI/590668933179/MAHANAGAR GAS BILL PAY/MGAS,,DR,729.19,156352.08
12-SEP-2025,12-SEP-2025,UPI/900719045303/RAPIDO BIKE TAXI/YESB,,DR,103.65,156248.43
13-SEP-2025,13-SEP-2025,POS 4262XXXXXXXX2048 CHAAYOS TEA CAFE,,DR,436.62,155811.81
13-SEP-2025,13-SEP-2025,UPI/516285941192/APOLLO PHARMACY/HDFC,,DR,1470.64,154341.17
14-SEP-2025,14-SEP-2025,NEFT DR-INCOME TAX DEPT-ADVANCE TAX INSTALMENT,,DR,45986.39,108354.78
14-SEP-2025,14-SEP-2025,UPI/AUTOPAY/JIO POSTPAID BILL/RJIO,,DR,599.00,107755.78
15-SEP-2025,15-SEP-2025,IMPS CR-381454720-NORTHWIND SAAS-INVOICE SETTLEMENT,,CR,58032.40,165788.18
15-SEP-2025,15-SEP-2025,UPI/478945104158/ZOMATO ONLINE ORDER/YESB,,DR,338.69,165449.49
16-SEP-2025,16-SEP-2025,ACH DR ADOBE CREATIVE CLOUD,,DR,1675.00,163774.49
16-SEP-2025,16-SEP-2025,ATW-4031XXXXXXXX5967-HDFC BANK ATM CASH WITHDRAWAL,,DR,10000.00,153774.49
16-SEP-2025,16-SEP-2025,POS 4944XXXXXXXX1051 STARBUCKS COFFEE INDIA,,DR,421.76,153352.73
19-SEP-2025,19-SEP-2025,ACH DR GOOGLE ONE STORAGE,,DR,210.00,153142.73
20-SEP-2025,20-SEP-2025,UPI/357762525489/ZOMATO ONLINE ORDER/YESB,,DR,553.77,152588.96
20-SEP-2025,20-SEP-2025,UPI/837869866481/LICIOUS MEAT DELIVERY/HDFC,,DR,701.73,151887.23
21-SEP-2025,21-SEP-2025,ATW-4477XXXXXXXX2855-HDFC BANK ATM CASH WITHDRAWAL,,DR,2000.00,149887.23
21-SEP-2025,21-SEP-2025,POS 5421XXXXXXXX5786 THIRD WAVE COFFEE,,DR,493.38,149393.85
22-SEP-2025,22-SEP-2025,ACH DR AMAZON PRIME MEMBERSHIP,,DR,1499.00,147894.85
22-SEP-2025,22-SEP-2025,IMPS CR-210909653-MERIDIAN LABS-INVOICE SETTLEMENT,,CR,93762.32,241657.17
22-SEP-2025,22-SEP-2025,POS 5235XXXXXXXX2758 DECATHLON SPORTS INDIA,,DR,3965.81,237691.36
23-SEP-2025,23-SEP-2025,POS 4396XXXXXXXX6062 IRCTC RAIL TICKET BOOKING,,DR,1981.52,235709.84
23-SEP-2025,23-SEP-2025,UPI/163145688937/AMAZON SELLER SERV REFUND/HDFC,,CR,3011.76,238721.60
24-SEP-2025,24-SEP-2025,UPI/841673555473/CRED CLUB CREDIT CARD BILL/AXIS,,DR,10065.98,228655.62
25-SEP-2025,25-SEP-2025,UPI/659249657758/DOMINOS PIZZA IND/ICIC,,DR,762.55,227893.07
25-SEP-2025,25-SEP-2025,UPI/780437258253/ZEPTO NOW/YESB,,DR,361.62,227531.45
27-SEP-2025,27-SEP-2025,POS 4449XXXXXXXX4947 THIRD WAVE COFFEE,,DR,408.81,227122.64
27-SEP-2025,27-SEP-2025,UPI/535912494772/RAPIDO BIKE TAXI/YESB,,DR,66.20,227056.44
27-SEP-2025,27-SEP-2025,UPI/703902480688/ZEPTO NOW/YESB,,DR,946.59,226109.85
29-SEP-2025,29-SEP-2025,UPI/662571439003/BARBEQUE NATION HOSP/HDFC,,DR,2146.96,223962.89
30-SEP-2025,30-SEP-2025,POS 5069XXXXXXXX5599 HPCL PETROL PUMP,,DR,2060.69,221902.20
01-OCT-2025,01-OCT-2025,POS 5306XXXXXXXX2449 CHAAYOS TEA CAFE,,DR,353.94,221548.26
02-OCT-2025,02-OCT-2025,UPI/495863119106/BLINKIT GROCERY/HDFC,,DR,360.27,221187.99
02-OCT-2025,02-OCT-2025,UPI/893210348998/NOBROKER PAY RENT LANDLORD/HDFC,,DR,28000.00,193187.99
03-OCT-2025,03-OCT-2025,UPI/842673912446/OLA CABS ANI TECH/PAYTM,,DR,547.96,192640.03
04-OCT-2025,04-OCT-2025,POS 4255XXXXXXXX5967 CHAAYOS TEA CAFE,,DR,297.46,192342.57
04-OCT-2025,04-OCT-2025,UPI/968778803481/BOOKMYSHOW TICKETS/HDFC,,DR,1324.16,191018.41
05-OCT-2025,05-OCT-2025,UPI/157268064227/BEHROUZ BIRYANI/PAYTM,,DR,648.01,190370.40
05-OCT-2025,05-OCT-2025,UPI/AUTOPAY/AIRTEL BROADBAND BILL/AIRT,,DR,1199.00,189171.40
06-OCT-2025,06-OCT-2025,ATW-4992XXXXXXXX3152-HDFC BANK ATM CASH WITHDRAWAL,,DR,2000.00,187171.40
06-OCT-2025,06-OCT-2025,UPI/767273266721/ZERODHA BROKING MF SIP/ZERO,,DR,12000.00,175171.40
07-OCT-2025,07-OCT-2025,ACH DR NETFLIX ENTERTAINMENT SVC,,DR,649.00,174522.40
07-OCT-2025,07-OCT-2025,SMS ALERT CHARGES INCL GST,,DR,17.70,174504.70
08-OCT-2025,08-OCT-2025,IMPS CR-838835837-MERIDIAN LABS-INVOICE SETTLEMENT,,CR,53255.71,227760.41
08-OCT-2025,08-OCT-2025,UPI/AUTOPAY/BESCOM ELECTRICITY BILL/BESC,,DR,1535.47,226224.94
09-OCT-2025,09-OCT-2025,ACH DR HDFC ERGO HEALTH INSURANCE PREM,,DR,2450.00,223774.94
10-OCT-2025,10-OCT-2025,POS 4021XXXXXXXX9489 CHAAYOS TEA CAFE,,DR,146.13,223628.81
10-OCT-2025,10-OCT-2025,UPI/759261143708/BLINKIT GROCERY/HDFC,,DR,1396.98,222231.83
11-OCT-2025,11-OCT-2025,ACH DR SPOTIFY INDIA PREMIUM,,DR,149.00,222082.83
11-OCT-2025,11-OCT-2025,UPI/732775544773/UBER INDIA SYSTEMS/HDFC,,DR,305.93,221776.90
11-OCT-2025,11-OCT-2025,UPI/931355583540/ZOMATO ONLINE ORDER/YESB,,DR,284.37,221492.53
12-OCT-2025,12-OCT-2025,UPI/293392402914/MAHANAGAR GAS BILL PAY/MGAS,,DR,936.41,220556.12
12-OCT-2025,12-OCT-2025,UPI/774967859072/BARBEQUE NATION HOSP/HDFC,,DR,3583.42,216972.70
14-OCT-2025,14-OCT-2025,POS 4195XXXXXXXX8424 CULT FIT FITNESS,,DR,1397.53,215575.17
14-OCT-2025,14-OCT-2025,UPI/175262262362/NYKAA ECOMM/ICIC,,DR,2276.45,213298.72
14-OCT-2025,14-OCT-2025,UPI/359604476266/AMAZON SELLER SERV REFUND/HDFC,,CR,2423.49,215722.21
14-OCT-2025,14-OCT-2025,UPI/AUTOPAY/JIO POSTPAID BILL/RJIO,,DR,599.00,215123.21
15-OCT-2025,15-OCT-2025,POS 5361XXXXXXXX5346 IRCTC RAIL TICKET BOOKING,,DR,937.43,214185.78
15-OCT-2025,15-OCT-2025,UPI/755400939706/BEHROUZ BIRYANI/PAYTM,,DR,542.96,213642.82
16-OCT-2025,16-OCT-2025,ACH DR ADOBE CREATIVE CLOUD,,DR,1675.00,211967.82
16-OCT-2025,16-OCT-2025,UPI/221702065362/LICIOUS MEAT DELIVERY/HDFC,,DR,1112.86,210854.96
16-OCT-2025,16-OCT-2025,UPI/715972556601/NAMMA YATRI/AXIS,,DR,328.97,210525.99
17-OCT-2025,17-OCT-2025,ATW-4746XXXXXXXX4843-HDFC BANK ATM CASH WITHDRAWAL,,DR,3000.00,207525.99
17-OCT-2025,17-OCT-2025,UPI/566392016947/SWIGGY FOOD ORDER/HDFC,,DR,550.02,206975.97
18-OCT-2025,18-OCT-2025,IMPS CR-611632261-NORTHWIND SAAS-INVOICE SETTLEMENT,,CR,58828.31,265804.28
18-OCT-2025,18-OCT-2025,UPI/382306985510/ZOMATO ONLINE ORDER/YESB,,DR,942.52,264861.76
18-OCT-2025,18-OCT-2025,UPI/746281874743/CRED CLUB CREDIT CARD BILL/AXIS,,DR,7123.00,257738.76
19-OCT-2025,19-OCT-2025,ACH DR GOOGLE ONE STORAGE,,DR,210.00,257528.76
19-OCT-2025,19-OCT-2025,POS 4166XXXXXXXX1642 MYNTRA DESIGNS PVT LTD,,DR,2505.64,255023.12
20-OCT-2025,20-OCT-2025,NEFT DR-DR MEHTA MULTISPECIALITY-MEDICAL PROCEDURE,,DR,72000.00,183023.12
20-OCT-2025,20-OCT-2025,UPI/540590231681/BEHROUZ BIRYANI/PAYTM,,DR,500.80,182522.32
21-OCT-2025,21-OCT-2025,POS 5202XXXXXXXX5217 AMAZON SELLER SERVICES,,DR,8275.38,174246.94
22-OCT-2025,22-OCT-2025,POS 4769XXXXXXXX8638 TANISHQ JEWELLERY DIWALI,,DR,28589.28,145657.66
22-OCT-2025,22-OCT-2025,UPI/270704565710/ZOMATO ONLINE ORDER/YESB,,DR,690.54,144967.12
25-OCT-2025,25-OCT-2025,POS 5266XXXXXXXX1895 IKEA INDIA PVT LTD,,DR,11669.51,133297.61
25-OCT-2025,25-OCT-2025,POS 5334XXXXXXXX9407 STARBUCKS COFFEE INDIA,,DR,440.87,132856.74
26-OCT-2025,26-OCT-2025,POS 4906XXXXXXXX3250 PRACTO CONSULT,,DR,503.66,132353.08
27-OCT-2025,27-OCT-2025,UPI/904345020742/DOMINOS PIZZA IND/ICIC,,DR,708.16,131644.92
28-OCT-2025,28-OCT-2025,UPI/329506352709/SWIGGY FOOD ORDER/HDFC,,DR,631.86,131013.06
28-OCT-2025,28-OCT-2025,UPI/382608232246/FLIPKART INTERNET/HDFC,,DR,3127.48,127885.58
30-OCT-2025,30-OCT-2025,POS 5438XXXXXXXX7940 AMAZON SELLER SERVICES,,DR,4259.35,123626.23
30-OCT-2025,30-OCT-2025,POS 5483XXXXXXXX5528 DMART AVENUE SUPERMARTS,,DR,3612.59,120013.64
31-OCT-2025,31-OCT-2025,POS 5057XXXXXXXX7947 IKEA INDIA PVT LTD,,DR,2617.98,117395.66
31-OCT-2025,31-OCT-2025,UPI/735809008050/BLINKIT GROCERY/HDFC,,DR,891.99,116503.67
01-NOV-2025,01-NOV-2025,POS 4760XXXXXXXX2524 MCDONALDS INDIA PVT,,DR,583.66,115920.01
01-NOV-2025,01-NOV-2025,UPI/601777112810/BIGBASKET SUPERMKT/ICIC,,DR,3042.03,112877.98
02-NOV-2025,02-NOV-2025,POS 4251XXXXXXXX5157 MCDONALDS INDIA PVT,,DR,393.00,112484.98
02-NOV-2025,02-NOV-2025,UPI/753120576426/ZEPTO NOW/YESB,,DR,817.77,111667.21
02-NOV-2025,02-NOV-2025,UPI/764485726403/NOBROKER PAY RENT LANDLORD/HDFC,,DR,28000.00,83667.21
03-NOV-2025,03-NOV-2025,IMPS CR-383718482-BLUEPRINT STUDIO-INVOICE SETTLEMENT,,CR,60249.68,143916.89
05-NOV-2025,05-NOV-2025,UPI/277971001372/ZEPTO NOW/YESB,,DR,705.38,143211.51
05-NOV-2025,05-NOV-2025,UPI/AUTOPAY/AIRTEL BROADBAND BILL/AIRT,,DR,1199.00,142012.51
06-NOV-2025,06-NOV-2025,POS 5592XXXXXXXX7629 THIRD WAVE COFFEE,,DR,190.93,141821.58
06-NOV-2025,06-NOV-2025,UPI/319336178457/COUNTRY DELIGHT MILK/AXIS,,DR,409.65,141411.93
06-NOV-2025,06-NOV-2025,UPI/692028862173/ZERODHA BROKING MF SIP/ZERO,,DR,12000.00,129411.93
07-NOV-2025,07-NOV-2025,ACH DR NETFLIX ENTERTAINMENT SVC,,DR,649.00,128762.93
07-NOV-2025,07-NOV-2025,UPI/940464098432/UBER INDIA SYSTEMS/HDFC,,DR,316.90,128446.03
08-NOV-2025,08-NOV-2025,POS 4677XXXXXXXX1679 LAKME SALON,,DR,1551.35,126894.68
08-NOV-2025,08-NOV-2025,POS 4989XXXXXXXX4028 THIRD WAVE COFFEE,,DR,336.53,126558.15
08-NOV-2025,08-NOV-2025,UPI/392183545550/PAYTM FASTAG RECHARGE/PYTM,,DR,573.91,125984.24
08-NOV-2025,08-NOV-2025,UPI/AUTOPAY/BESCOM ELECTRICITY BILL/BESC,,DR,1265.05,124719.19
09-NOV-2025,09-NOV-2025,ACH DR HDFC ERGO HEALTH INSURANCE PREM,,DR,2450.00,122269.19
09-NOV-2025,09-NOV-2025,POS 5166XXXXXXXX9222 IKEA INDIA PVT LTD,,DR,10701.21,111567.98
09-NOV-2025,09-NOV-2025,POS 5285XXXXXXXX2639 CHAAYOS TEA CAFE,,DR,351.42,111216.56
10-NOV-2025,10-NOV-2025,IMPS CR-352986077-MERIDIAN LABS-INVOICE SETTLEMENT,,CR,60166.32,171382.88
10-NOV-2025,10-NOV-2025,UPI/818496415490/ZOMATO ONLINE ORDER/YESB,,DR,451.74,170931.14
11-NOV-2025,11-NOV-2025,ACH DR SPOTIFY INDIA PREMIUM,,DR,149.00,170782.14
11-NOV-2025,11-NOV-2025,ATW-4821XXXXXXXX7838-HDFC BANK ATM CASH WITHDRAWAL,,DR,10000.00,160782.14
11-NOV-2025,11-NOV-2025,IMPS CR-724329866-BLUEPRINT STUDIO-INVOICE SETTLEMENT,,CR,38628.29,199410.43
12-NOV-2025,12-NOV-2025,UPI/628221513847/MAHANAGAR GAS BILL PAY/MGAS,,DR,699.83,198710.60
13-NOV-2025,13-NOV-2025,POS 4683XXXXXXXX3194 LAKME SALON,,DR,1408.44,197302.16
13-NOV-2025,13-NOV-2025,UPI/669815635869/SWIGGY FOOD ORDER/HDFC,,DR,212.25,197089.91
14-NOV-2025,14-NOV-2025,UPI/790872069465/DOMINOS PIZZA IND/ICIC,,DR,506.94,196582.97
14-NOV-2025,14-NOV-2025,UPI/AUTOPAY/JIO POSTPAID BILL/RJIO,,DR,599.00,195983.97
15-NOV-2025,15-NOV-2025,POS 4391XXXXXXXX5345 IKEA INDIA PVT LTD,,DR,11033.28,184950.69
15-NOV-2025,15-NOV-2025,UPI/344814965150/BEHROUZ BIRYANI/PAYTM,,DR,1318.53,183632.16
15-NOV-2025,15-NOV-2025,UPI/396029881448/UBER INDIA SYSTEMS/HDFC,,DR,487.22,183144.94
15-NOV-2025,15-NOV-2025,UPI/919327316801/ZEPTO NOW/YESB,,DR,743.33,182401.61
16-NOV-2025,16-NOV-2025,ACH DR ADOBE CREATIVE CLOUD,,DR,1675.00,180726.61
16-NOV-2025,16-NOV-2025,UPI/589305897744/COUNTRY DELIGHT MILK/AXIS,,DR,570.65,180155.96
17-NOV-2025,17-NOV-2025,POS 4220XXXXXXXX8992 IRCTC RAIL TICKET BOOKING,,DR,2209.40,177946.56
19-NOV-2025,19-NOV-2025,ACH DR GOOGLE ONE STORAGE,,DR,210.00,177736.56
19-NOV-2025,19-NOV-2025,POS 4358XXXXXXXX9380 LAKME SALON,,DR,877.62,176858.94
19-NOV-2025,19-NOV-2025,POS 4573XXXXXXXX6573 DMART AVENUE SUPERMARTS,,DR,2924.91,173934.03
20-NOV-2025,20-NOV-2025,POS 5316XXXXXXXX5946 CHAAYOS TEA CAFE,,DR,153.40,173780.63
21-NOV-2025,21-NOV-2025,UPI/570115408632/OLA CABS ANI TECH/PAYTM,,DR,200.78,173579.85
22-NOV-2025,22-NOV-2025,POS 4607XXXXXXXX3371 DMART AVENUE SUPERMARTS,,DR,2778.83,170801.02
22-NOV-2025,22-NOV-2025,POS 4813XXXXXXXX1987 THIRD WAVE COFFEE,,DR,403.64,170397.38
22-NOV-2025,22-NOV-2025,UPI/498973129997/UBER INDIA SYSTEMS/HDFC,,DR,170.22,170227.16
23-NOV-2025,23-NOV-2025,POS 5347XXXXXXXX2154 THIRD WAVE COFFEE,,DR,269.42,169957.74
23-NOV-2025,23-NOV-2025,UPI/130176284571/CRED CLUB CREDIT CARD BILL/AXIS,,DR,6282.95,163674.79
27-NOV-2025,27-NOV-2025,UPI/432915300017/OLA CABS ANI TECH/PAYTM,,DR,284.14,163390.65
29-NOV-2025,29-NOV-2025,POS 4317XXXXXXXX5800 PVR CINEMAS LTD,,DR,1146.37,162244.28
29-NOV-2025,29-NOV-2025,POS 4892XXXXXXXX6544 STARBUCKS COFFEE INDIA,,DR,384.23,161860.05
30-NOV-2025,30-NOV-2025,POS 5065XXXXXXXX4343 STARBUCKS COFFEE INDIA,,DR,626.17,161233.88
30-NOV-2025,30-NOV-2025,UPI/248726997436/OLA CABS ANI TECH/PAYTM,,DR,128.50,161105.38
02-DEC-2025,02-DEC-2025,UPI/356022903404/NOBROKER PAY RENT LANDLORD/HDFC,,DR,28000.00,133105.38
04-DEC-2025,04-DEC-2025,POS 5467XXXXXXXX2441 IKEA INDIA PVT LTD,,DR,9803.15,123302.23
04-DEC-2025,04-DEC-2025,UPI/201846349210/BEHROUZ BIRYANI/PAYTM,,DR,857.19,122445.04
05-DEC-2025,05-DEC-2025,POS 4478XXXXXXXX5627 STARBUCKS COFFEE INDIA,,DR,335.24,122109.80
05-DEC-2025,05-DEC-2025,UPI/AUTOPAY/AIRTEL BROADBAND BILL/AIRT,,DR,1199.00,120910.80
06-DEC-2025,06-DEC-2025,POS 4098XXXXXXXX7938 MYNTRA DESIGNS PVT LTD,,DR,1209.74,119701.06
06-DEC-2025,06-DEC-2025,UPI/573329616250/ZERODHA BROKING MF SIP/ZERO,,DR,12000.00,107701.06
07-DEC-2025,07-DEC-2025,ACH DR NETFLIX ENTERTAINMENT SVC,,DR,649.00,107052.06
07-DEC-2025,07-DEC-2025,UPI/254981410690/LICIOUS MEAT DELIVERY/HDFC,,DR,670.57,106381.49
07-DEC-2025,07-DEC-2025,UPI/522013985108/UBER INDIA SYSTEMS/HDFC,,DR,580.92,105800.57
08-DEC-2025,08-DEC-2025,UPI/AUTOPAY/BESCOM ELECTRICITY BILL/BESC,,DR,2314.50,103486.07
09-DEC-2025,09-DEC-2025,ACH DR HDFC ERGO HEALTH INSURANCE PREM,,DR,2450.00,101036.07
09-DEC-2025,09-DEC-2025,POS 4414XXXXXXXX6634 STARBUCKS COFFEE INDIA,,DR,365.67,100670.40
10-DEC-2025,10-DEC-2025,POS 4650XXXXXXXX8221 STARBUCKS COFFEE INDIA,,DR,356.57,100313.83
10-DEC-2025,10-DEC-2025,UPI/315508220426/NAMMA YATRI/AXIS,,DR,340.02,99973.81
11-DEC-2025,11-DEC-2025,ACH DR SPOTIFY INDIA PREMIUM,,DR,149.00,99824.81
11-DEC-2025,11-DEC-2025,UPI/706743683264/PAYTM FASTAG RECHARGE/PYTM,,DR,448.59,99376.22
12-DEC-2025,12-DEC-2025,UPI/252560862565/MAHANAGAR GAS BILL PAY/MGAS,,DR,973.46,98402.76
13-DEC-2025,13-DEC-2025,IMPS CR-864332078-MERIDIAN LABS-INVOICE SETTLEMENT,,CR,94539.05,192941.81
13-DEC-2025,13-DEC-2025,UPI/651652669273/BEHROUZ BIRYANI/PAYTM,,DR,1053.85,191887.96
13-DEC-2025,13-DEC-2025,UPI/789528276418/ZEPTO NOW/YESB,,DR,735.78,191152.18
14-DEC-2025,14-DEC-2025,NEFT DR-INCOME TAX DEPT-ADVANCE TAX INSTALMENT,,DR,84074.29,107077.89
14-DEC-2025,14-DEC-2025,POS 4699XXXXXXXX6408 STEAM GAMES VALVE CORP,,DR,1183.74,105894.15
14-DEC-2025,14-DEC-2025,UPI/897629627986/SWIGGY FOOD ORDER/HDFC,,DR,435.17,105458.98
14-DEC-2025,14-DEC-2025,UPI/AUTOPAY/JIO POSTPAID BILL/RJIO,,DR,599.00,104859.98
15-DEC-2025,15-DEC-2025,POS 4797XXXXXXXX4371 HPCL PETROL PUMP,,DR,2431.31,102428.67
15-DEC-2025,15-DEC-2025,POS 5559XXXXXXXX6263 AMAZON SELLER SERVICES,,DR,5007.88,97420.79
16-DEC-2025,16-DEC-2025,ACH DR ADOBE CREATIVE CLOUD,,DR,1675.00,95745.79
16-DEC-2025,16-DEC-2025,ATW-4560XXXXXXXX2262-HDFC BANK ATM CASH WITHDRAWAL,,DR,2000.00,93745.79
17-DEC-2025,17-DEC-2025,POS 4482XXXXXXXX3463 LAKME SALON,,DR,739.49,93006.30
17-DEC-2025,17-DEC-2025,POS 4673XXXXXXXX2344 AMAZON SELLER SERVICES,,DR,3725.64,89280.66
17-DEC-2025,17-DEC-2025,UPI/287552974138/CRED CLUB CREDIT CARD BILL/AXIS,,DR,8541.49,80739.17
17-DEC-2025,17-DEC-2025,UPI/450335083481/RAPIDO BIKE TAXI/YESB,,DR,77.22,80661.95
18-DEC-2025,18-DEC-2025,UPI/885878706394/LICIOUS MEAT DELIVERY/HDFC,,DR,1393.62,79268.33
19-DEC-2025,19-DEC-2025,ACH DR GOOGLE ONE STORAGE,,DR,210.00,79058.33
19-DEC-2025,19-DEC-2025,UPI/284585815174/BEHROUZ BIRYANI/PAYTM,,DR,722.53,78335.80
20-DEC-2025,20-DEC-2025,UPI/702694798321/DOMINOS PIZZA IND/ICIC,,DR,500.29,77835.51
20-DEC-2025,20-DEC-2025,UPI/935316504297/OLA CABS ANI TECH/PAYTM,,DR,282.38,77553.13
21-DEC-2025,21-DEC-2025,IMPS CR-624514199-BLUEPRINT STUDIO-INVOICE SETTLEMENT,,CR,137622.63,215175.76
22-DEC-2025,22-DEC-2025,POS 5423XXXXXXXX6407 CULT FIT FITNESS,,DR,1739.31,213436.45
23-DEC-2025,23-DEC-2025,UPI/138471052899/PAYTM FASTAG RECHARGE/PYTM,,DR,445.43,212991.02
24-DEC-2025,24-DEC-2025,ATW-5242XXXXXXXX8395-HDFC BANK ATM CASH WITHDRAWAL,,DR,10000.00,202991.02
25-DEC-2025,25-DEC-2025,UPI/240936032667/FLIPKART INTERNET/HDFC,,DR,6346.46,196644.56
25-DEC-2025,25-DEC-2025,UPI/533686250894/NAMMA YATRI/AXIS,,DR,133.27,196511.29
27-DEC-2025,27-DEC-2025,POS 4178XXXXXXXX8337 PVR CINEMAS LTD,,DR,550.26,195961.03
27-DEC-2025,27-DEC-2025,POS 5035XXXXXXXX3147 LAKME SALON,,DR,745.95,195215.08
27-DEC-2025,27-DEC-2025,UPI/703822205936/BEHROUZ BIRYANI/PAYTM,,DR,775.36,194439.72
27-DEC-2025,27-DEC-2025,UPI/814482150614/PAYTM FASTAG RECHARGE/PYTM,,DR,633.72,193806.00
28-DEC-2025,28-DEC-2025,POS 5036XXXXXXXX7708 MCDONALDS INDIA PVT,,DR,718.51,193087.49
28-DEC-2025,28-DEC-2025,POS 5443XXXXXXXX9671 PVR CINEMAS LTD,,DR,1046.53,192040.96
30-DEC-2025,30-DEC-2025,POS 4974XXXXXXXX6706 CHAAYOS TEA CAFE,,DR,282.57,191758.39
01-JAN-2026,01-JAN-2026,UPI/419913716294/DOMINOS PIZZA IND/ICIC,,DR,853.35,190905.04
01-JAN-2026,01-JAN-2026,UPI/827041629092/NAMMA YATRI/AXIS,,DR,177.73,190727.31
02-JAN-2026,02-JAN-2026,POS 4700XXXXXXXX1406 MYNTRA DESIGNS PVT LTD,,DR,1491.21,189236.10
02-JAN-2026,02-JAN-2026,UPI/693195847782/DOMINOS PIZZA IND/ICIC,,DR,559.83,188676.27
02-JAN-2026,02-JAN-2026,UPI/874370785699/NOBROKER PAY RENT LANDLORD/HDFC,,DR,28000.00,160676.27
03-JAN-2026,03-JAN-2026,POS 4407XXXXXXXX6328 DMART AVENUE SUPERMARTS,,DR,3360.15,157316.12
03-JAN-2026,03-JAN-2026,UPI/647697656554/BARBEQUE NATION HOSP/HDFC,,DR,3647.77,153668.35
03-JAN-2026,03-JAN-2026,UPI/666577246108/BOOKMYSHOW TICKETS/HDFC,,DR,551.68,153116.67
04-JAN-2026,04-JAN-2026,POS 5481XXXXXXXX1713 THIRD WAVE COFFEE,,DR,229.24,152887.43
04-JAN-2026,04-JAN-2026,UPI/863892805582/LICIOUS MEAT DELIVERY/HDFC,,DR,613.87,152273.56
05-JAN-2026,05-JAN-2026,UPI/AUTOPAY/AIRTEL BROADBAND BILL/AIRT,,DR,1199.00,151074.56
06-JAN-2026,06-JAN-2026,UPI/677974002837/ZERODHA BROKING MF SIP/ZERO,,DR,12000.00,139074.56
07-JAN-2026,07-JAN-2026,ACH DR NETFLIX ENTERTAINMENT SVC,,DR,649.00,138425.56
07-JAN-2026,07-JAN-2026,UPI/947818995629/RAPIDO BIKE TAXI/YESB,,DR,193.22,138232.34
08-JAN-2026,08-JAN-2026,POS 4467XXXXXXXX3039 AMAZON SELLER SERVICES,,DR,4434.35,133797.99
08-JAN-2026,08-JAN-2026,UPI/AUTOPAY/BESCOM ELECTRICITY BILL/BESC,,DR,1853.04,131944.95
09-JAN-2026,09-JAN-2026,ACH DR HDFC ERGO HEALTH INSURANCE PREM,,DR,2450.00,129494.95
09-JAN-2026,09-JAN-2026,UPI/312340149895/RAPIDO BIKE TAXI/YESB,,DR,88.78,129406.17
09-JAN-2026,09-JAN-2026,UPI/781259522208/COUNTRY DELIGHT MILK/AXIS,,DR,530.90,128875.27
10-JAN-2026,10-JAN-2026,UPI/137718460098/UBER INDIA SYSTEMS/HDFC,,DR,279.64,128595.63
10-JAN-2026,10-JAN-2026,UPI/146061000981/BIGBASKET SUPERMKT/ICIC,,DR,2787.85,125807.78
11-JAN-2026,11-JAN-2026,ACH DR SPOTIFY INDIA PREMIUM,,DR,149.00,125658.78
11-JAN-2026,11-JAN-2026,UPI/263874624429/UBER INDIA SYSTEMS/HDFC,,DR,629.73,125029.05
11-JAN-2026,11-JAN-2026,UPI/411119016226/BOOKMYSHOW TICKETS/HDFC,,DR,568.61,124460.44
12-JAN-2026,12-JAN-2026,UPI/272492991525/MAHANAGAR GAS BILL PAY/MGAS,,DR,798.43,123662.01
13-JAN-2026,13-JAN-2026,UPI/871799729499/ZOMATO ONLINE ORDER/YESB,,DR,444.20,123217.81
14-JAN-2026,14-JAN-2026,UPI/361541857022/LICIOUS MEAT DELIVERY/HDFC,,DR,1077.37,122140.44
14-JAN-2026,14-JAN-2026,UPI/440183173920/UBER INDIA SYSTEMS/HDFC,,DR,159.84,121980.60
14-JAN-2026,14-JAN-2026,UPI/AUTOPAY/JIO POSTPAID BILL/RJIO,,DR,726.00,121254.60
16-JAN-2026,16-JAN-2026,ACH DR ADOBE CREATIVE CLOUD,,DR,1675.00,119579.60
17-JAN-2026,17-JAN-2026,ATW-4878XXXXXXXX4448-HDFC BANK ATM CASH WITHDRAWAL,,DR,3000.00,116579.60
18-JAN-2026,18-JAN-2026,POS 4308XXXXXXXX3798 IRCTC RAIL TICKET BOOKING,,DR,1753.91,114825.69
18-JAN-2026,18-JAN-2026,UPI/534029643772/CRED CLUB CREDIT CARD BILL/AXIS,,DR,5713.23,109112.46
18-JAN-2026,18-JAN-2026,UPI/642244149400/ZEPTO NOW/YESB,,DR,667.74,108444.72
18-JAN-2026,18-JAN-2026,UPI/927826309193/DOMINOS PIZZA IND/ICIC,,DR,1136.08,107308.64
19-JAN-2026,19-JAN-2026,ACH DR GOOGLE ONE STORAGE,,DR,210.00,107098.64
19-JAN-2026,19-JAN-2026,POS 4321XXXXXXXX4251 CULT FIT FITNESS,,DR,1379.67,105718.97
19-JAN-2026,19-JAN-2026,POS 4411XXXXXXXX5686 STARBUCKS COFFEE INDIA,,DR,260.81,105458.16
20-JAN-2026,20-JAN-2026,IMPS CR-962961938-NORTHWIND SAAS-INVOICE SETTLEMENT,,CR,37280.08,142738.24
20-JAN-2026,20-JAN-2026,POS 5582XXXXXXXX4263 CHAAYOS TEA CAFE,,DR,217.35,142520.89
21-JAN-2026,21-JAN-2026,UPI/460417585363/BEHROUZ BIRYANI/PAYTM,,DR,704.85,141816.04
22-JAN-2026,22-JAN-2026,UPI/180229383390/PHARMEASY ONLINE/ICIC,,DR,999.18,140816.86
23-JAN-2026,23-JAN-2026,UPI/104412560142/COUNTRY DELIGHT MILK/AXIS,,DR,611.14,140205.72
24-JAN-2026,24-JAN-2026,UPI/177962311783/UBER INDIA SYSTEMS/HDFC,,DR,276.72,139929.00
24-JAN-2026,24-JAN-2026,UPI/957891600439/DOMINOS PIZZA IND/ICIC,,DR,878.92,139050.08
25-JAN-2026,25-JAN-2026,UPI/755689686374/BIGBASKET SUPERMKT/ICIC,,DR,1101.57,137948.51
26-JAN-2026,26-JAN-2026,UPI/695438678878/ZOMATO ONLINE ORDER/YESB,,DR,662.47,137286.04
27-JAN-2026,27-JAN-2026,POS 4257XXXXXXXX4611 STARBUCKS COFFEE INDIA,,DR,371.86,136914.18
27-JAN-2026,27-JAN-2026,UPI/453334672377/NAMMA YATRI/AXIS,,DR,253.90,136660.28
28-JAN-2026,28-JAN-2026,POS 5129XXXXXXXX3636 CHAAYOS TEA CAFE,,DR,321.55,136338.73
29-JAN-2026,29-JAN-2026,UPI/204111675080/WOW MOMO FOODS/AXIS,,DR,252.47,136086.26
29-JAN-2026,29-JAN-2026,UPI/892208262153/URBAN COMPANY SALON/HDFC,,DR,1634.09,134452.17
31-JAN-2026,31-JAN-2026,POS 4991XXXXXXXX8224 DMART AVENUE SUPERMARTS,,DR,2793.95,131658.22
31-JAN-2026,31-JAN-2026,UPI/354624915491/RAPIDO BIKE TAXI/YESB,,DR,82.58,131575.64
01-FEB-2026,01-FEB-2026,POS 5190XXXXXXXX1606 THIRD WAVE COFFEE,,DR,488.63,131087.01
01-FEB-2026,01-FEB-2026,POS 5330XXXXXXXX4343 IRCTC RAIL TICKET BOOKING,,DR,1606.34,129480.67
01-FEB-2026,01-FEB-2026,UPI/410870969857/ZEPTO NOW/YESB,,DR,905.70,128574.97
02-FEB-2026,02-FEB-2026,POS 4340XXXXXXXX1955 IRCTC RAIL TICKET BOOKING,,DR,510.46,128064.51
02-FEB-2026,02-FEB-2026,SMS ALERT CHARGES INCL GST,,DR,23.60,128040.91
02-FEB-2026,02-FEB-2026,UPI/255128413722/NOBROKER PAY RENT LANDLORD/HDFC,,DR,28000.00,100040.91
02-FEB-2026,02-FEB-2026,UPI/342613731076/URBAN COMPANY SALON/HDFC,,DR,1229.64,98811.27
04-FEB-2026,04-FEB-2026,POS 4858XXXXXXXX6921 CHAAYOS TEA CAFE,,DR,134.09,98677.18
05-FEB-2026,05-FEB-2026,UPI/AUTOPAY/AIRTEL BROADBAND BILL/AIRT,,DR,1199.00,97478.18
06-FEB-2026,06-FEB-2026,UPI/600418016786/ZERODHA BROKING MF SIP/ZERO,,DR,12000.00,85478.18
07-FEB-2026,07-FEB-2026,ACH DR NETFLIX ENTERTAINMENT SVC,,DR,649.00,84829.18
07-FEB-2026,07-FEB-2026,IMPS CR-648328231-BLUEPRINT STUDIO-INVOICE SETTLEMENT,,CR,54441.96,139271.14
07-FEB-2026,07-FEB-2026,POS 5104XXXXXXXX1590 STARBUCKS COFFEE INDIA,,DR,441.90,138829.24
07-FEB-2026,07-FEB-2026,UPI/489067299543/BIGBASKET SUPERMKT/ICIC,,DR,2725.20,136104.04
08-FEB-2026,08-FEB-2026,IMPS CR-144767649-MERIDIAN LABS-INVOICE SETTLEMENT,,CR,68302.84,204406.88
08-FEB-2026,08-FEB-2026,UPI/344833214511/BARBEQUE NATION HOSP/HDFC,,DR,2900.37,201506.51
08-FEB-2026,08-FEB-2026,UPI/892219307599/COUNTRY DELIGHT MILK/AXIS,,DR,527.45,200979.06
08-FEB-2026,08-FEB-2026,UPI/AUTOPAY/BESCOM ELECTRICITY BILL/BESC,,DR,1314.99,199664.07
09-FEB-2026,09-FEB-2026,ACH DR HDFC ERGO HEALTH INSURANCE PREM,,DR,2450.00,197214.07
10-FEB-2026,10-FEB-2026,POS 5125XXXXXXXX5673 IRCTC RAIL TICKET BOOKING,,DR,1539.28,195674.79
10-FEB-2026,10-FEB-2026,UPI/933601560201/APOLLO PHARMACY/HDFC,,DR,970.45,194704.34
11-FEB-2026,11-FEB-2026,ACH DR SPOTIFY INDIA PREMIUM,,DR,149.00,194555.34
11-FEB-2026,11-FEB-2026,UPI/392888347677/COUNTRY DELIGHT MILK/AXIS,,DR,572.48,193982.86
11-FEB-2026,11-FEB-2026,UPI/890536833985/BARBEQUE NATION HOSP/HDFC,,DR,1943.58,192039.28
12-FEB-2026,12-FEB-2026,POS 4247XXXXXXXX7959 STARBUCKS COFFEE INDIA,,DR,353.59,191685.69
12-FEB-2026,12-FEB-2026,UPI/895596933049/MAHANAGAR GAS BILL PAY/MGAS,,DR,674.90,191010.79
13-FEB-2026,13-FEB-2026,ATW-5410XXXXXXXX8055-HDFC BANK ATM CASH WITHDRAWAL,,DR,3000.00,188010.79
13-FEB-2026,13-FEB-2026,UPI/104846885424/WOW MOMO FOODS/AXIS,,DR,284.60,187726.19
13-FEB-2026,13-FEB-2026,UPI/755192140720/PAYTM FASTAG RECHARGE/PYTM,,DR,715.24,187010.95
14-FEB-2026,14-FEB-2026,POS 4214XXXXXXXX5333 IRCTC RAIL TICKET BOOKING,,DR,1963.58,185047.37
14-FEB-2026,14-FEB-2026,POS 4546XXXXXXXX5473 PVR CINEMAS LTD,,DR,594.81,184452.56
14-FEB-2026,14-FEB-2026,POS 4827XXXXXXXX3336 STARBUCKS COFFEE INDIA,,DR,602.64,183849.92
14-FEB-2026,14-FEB-2026,UPI/996427793395/LICIOUS MEAT DELIVERY/HDFC,,DR,569.36,183280.56
14-FEB-2026,14-FEB-2026,UPI/AUTOPAY/JIO POSTPAID BILL/RJIO,,DR,726.00,182554.56
16-FEB-2026,16-FEB-2026,ACH DR ADOBE CREATIVE CLOUD,,DR,1675.00,180879.56
17-FEB-2026,17-FEB-2026,POS 4486XXXXXXXX8403 MCDONALDS INDIA PVT,,DR,309.21,180570.35
18-FEB-2026,18-FEB-2026,POS 5358XXXXXXXX7080 STARBUCKS COFFEE INDIA,,DR,433.91,180136.44
18-FEB-2026,18-FEB-2026,UPI/886872311946/URBAN COMPANY SALON/HDFC,,DR,1611.73,178524.71
18-FEB-2026,18-FEB-2026,UPI/935037701717/LICIOUS MEAT DELIVERY/HDFC,,DR,817.96,177706.75
19-FEB-2026,19-FEB-2026,ACH DR GOOGLE ONE STORAGE,,DR,210.00,177496.75
19-FEB-2026,19-FEB-2026,POS 4395XXXXXXXX6839 MCDONALDS INDIA PVT,,DR,271.95,177224.80
19-FEB-2026,19-FEB-2026,UPI/526633004533/CRED CLUB CREDIT CARD BILL/AXIS,,DR,5310.54,171914.26
19-FEB-2026,19-FEB-2026,UPI/763500147613/RAPIDO BIKE TAXI/YESB,,DR,81.14,171833.12
20-FEB-2026,20-FEB-2026,UPI/427953345078/DOMINOS PIZZA IND/ICIC,,DR,571.15,171261.97
21-FEB-2026,21-FEB-2026,UPI/206533163618/SWIGGY FOOD ORDER/HDFC,,DR,613.38,170648.59
21-FEB-2026,21-FEB-2026,UPI/946388084195/NAMMA YATRI/AXIS,,DR,104.28,170544.31
22-FEB-2026,22-FEB-2026,UPI/789851183915/OLA CABS ANI TECH/PAYTM,,DR,267.44,170276.87
26-FEB-2026,26-FEB-2026,UPI/616574956818/LICIOUS MEAT DELIVERY/HDFC,,DR,1371.84,168905.03
26-FEB-2026,26-FEB-2026,UPI/688681436040/APOLLO PHARMACY/HDFC,,DR,650.91,168254.12
26-FEB-2026,26-FEB-2026,UPI/819078979734/AMAZON SELLER SERV REFUND/HDFC,,CR,2863.50,171117.62
27-FEB-2026,27-FEB-2026,POS 4300XXXXXXXX3400 DMART AVENUE SUPERMARTS,,DR,2914.00,168203.62
27-FEB-2026,27-FEB-2026,POS 5405XXXXXXXX9468 IRCTC RAIL TICKET BOOKING,,DR,1406.32,166797.30
02-MAR-2026,02-MAR-2026,UPI/304349397832/NOBROKER PAY RENT LANDLORD/HDFC,,DR,28000.00,138797.30
02-MAR-2026,02-MAR-2026,UPI/381703415075/OLA CABS ANI TECH/PAYTM,,DR,437.20,138360.10
03-MAR-2026,03-MAR-2026,UPI/602675606582/UBER INDIA SYSTEMS/HDFC,,DR,553.07,137807.03
03-MAR-2026,03-MAR-2026,UPI/758438380358/COUNTRY DELIGHT MILK/AXIS,,DR,394.88,137412.15
04-MAR-2026,04-MAR-2026,UPI/814150564244/COUNTRY DELIGHT MILK/AXIS,,DR,708.26,136703.89
05-MAR-2026,05-MAR-2026,POS 4811XXXXXXXX4233 AMAZON SELLER SERVICES,,DR,4925.29,131778.60
05-MAR-2026,05-MAR-2026,UPI/AUTOPAY/AIRTEL BROADBAND BILL/AIRT,,DR,1199.00,130579.60
06-MAR-2026,06-MAR-2026,POS 4132XXXXXXXX1484 DECATHLON SPORTS INDIA,,DR,3358.84,127220.76
06-MAR-2026,06-MAR-2026,UPI/225277039866/ZERODHA BROKING MF SIP/ZERO,,DR,12000.00,115220.76
06-MAR-2026,06-MAR-2026,UPI/230621985292/PHARMEASY ONLINE/ICIC,,DR,403.12,114817.64
07-MAR-2026,07-MAR-2026,ACH DR NETFLIX ENTERTAINMENT SVC,,DR,649.00,114168.64
07-MAR-2026,07-MAR-2026,UPI/426219618804/ZOMATO ONLINE ORDER/YESB,,DR,871.06,113297.58
07-MAR-2026,07-MAR-2026,UPI/762673892089/LICIOUS MEAT DELIVERY/HDFC,,DR,578.10,112719.48
08-MAR-2026,08-MAR-2026,POS 4969XXXXXXXX8749 CHAAYOS TEA CAFE,,DR,316.79,112402.69
08-MAR-2026,08-MAR-2026,UPI/658943643898/NYKAA ECOMM/ICIC,,DR,1256.86,111145.83
08-MAR-2026,08-MAR-2026,UPI/AUTOPAY/BESCOM ELECTRICITY BILL/BESC,,DR,2527.52,108618.31
09-MAR-2026,09-MAR-2026,ACH DR HDFC ERGO HEALTH INSURANCE PREM,,DR,2450.00,106168.31
09-MAR-2026,09-MAR-2026,POS 4634XXXXXXXX5659 MCDONALDS INDIA PVT,,DR,205.90,105962.41
09-MAR-2026,09-MAR-2026,UPI/260076071152/OLA CABS ANI TECH/PAYTM,,DR,692.78,105269.63
11-MAR-2026,11-MAR-2026,ACH DR SPOTIFY INDIA PREMIUM,,DR,149.00,105120.63
11-MAR-2026,11-MAR-2026,UPI/720902600970/DOMINOS PIZZA IND/ICIC,,DR,660.75,104459.88
12-MAR-2026,12-MAR-2026,IMPS CR-297975728-MERIDIAN LABS-INVOICE SETTLEMENT,,CR,38659.76,143119.64
12-MAR-2026,12-MAR-2026,POS 4916XXXXXXXX3063 HPCL PETROL PUMP,,DR,3024.17,140095.47
12-MAR-2026,12-MAR-2026,UPI/322206088701/APOLLO PHARMACY/HDFC,,DR,1135.12,138960.35
12-MAR-2026,12-MAR-2026,UPI/987205018948/MAHANAGAR GAS BILL PAY/MGAS,,DR,994.28,137966.07
13-MAR-2026,13-MAR-2026,UPI/861526063375/OLA CABS ANI TECH/PAYTM,,DR,688.65,137277.42
14-MAR-2026,14-MAR-2026,NEFT DR-INCOME TAX DEPT-ADVANCE TAX INSTALMENT,,DR,77162.67,60114.75
14-MAR-2026,14-MAR-2026,POS 4207XXXXXXXX7782 STEAM GAMES VALVE CORP,,DR,858.92,59255.83
14-MAR-2026,14-MAR-2026,UPI/961809439866/RAPIDO BIKE TAXI/YESB,,DR,219.88,59035.95
14-MAR-2026,14-MAR-2026,UPI/AUTOPAY/JIO POSTPAID BILL/RJIO,,DR,726.00,58309.95
15-MAR-2026,15-MAR-2026,POS 5467XXXXXXXX5890 DMART AVENUE SUPERMARTS,,DR,1532.19,56777.76
15-MAR-2026,15-MAR-2026,UPI/232894727470/PAYTM FASTAG RECHARGE/PYTM,,DR,716.66,56061.10
15-MAR-2026,15-MAR-2026,UPI/615455003546/NYKAA ECOMM/ICIC,,DR,2091.54,53969.56
16-MAR-2026,16-MAR-2026,ACH DR ADOBE CREATIVE CLOUD,,DR,1675.00,52294.56
16-MAR-2026,16-MAR-2026,POS 4763XXXXXXXX4976 CHAAYOS TEA CAFE,,DR,128.90,52165.66
17-MAR-2026,17-MAR-2026,UPI/904206056094/PAYTM FASTAG RECHARGE/PYTM,,DR,526.38,51639.28
18-MAR-2026,18-MAR-2026,POS 5187XXXXXXXX6717 MCDONALDS INDIA PVT,,DR,558.70,51080.58
18-MAR-2026,18-MAR-2026,UPI/345734900039/SWIGGY FOOD ORDER/HDFC,,DR,1249.00,49831.58
18-MAR-2026,18-MAR-2026,UPI/481727687611/SWIGGY FOOD ORDER/HDFC,,DR,1249.00,48582.58
19-MAR-2026,19-MAR-2026,ACH DR GOOGLE ONE STORAGE,,DR,210.00,48372.58
19-MAR-2026,19-MAR-2026,POS 4706XXXXXXXX3962 THIRD WAVE COFFEE,,DR,362.55,48010.03
20-MAR-2026,20-MAR-2026,UPI/604425442615/WOW MOMO FOODS/AXIS,,DR,302.28,47707.75
21-MAR-2026,21-MAR-2026,ATW-5442XXXXXXXX2115-HDFC BANK ATM CASH WITHDRAWAL,,DR,10000.00,37707.75
21-MAR-2026,21-MAR-2026,UPI/240300234347/PAYTM FASTAG RECHARGE/PYTM,,DR,705.68,37002.07
21-MAR-2026,21-MAR-2026,UPI/843608674003/BARBEQUE NATION HOSP/HDFC,,DR,3650.48,33351.59
22-MAR-2026,22-MAR-2026,POS 5381XXXXXXXX5062 DMART AVENUE SUPERMARTS,,DR,3081.23,30270.36
22-MAR-2026,22-MAR-2026,UPI/249358512312/CRED CLUB CREDIT CARD BILL/AXIS,,DR,8983.47,21286.89
22-MAR-2026,22-MAR-2026,UPI/576878955306/SWIGGY FOOD ORDER/HDFC,,DR,519.56,20767.33
24-MAR-2026,24-MAR-2026,UPI/580095997877/UBER INDIA SYSTEMS/HDFC,,DR,161.75,20605.58
28-MAR-2026,28-MAR-2026,UPI/376877370697/BOOKMYSHOW TICKETS/HDFC,,DR,502.16,20103.42
29-MAR-2026,29-MAR-2026,POS 4600XXXXXXXX4791 THIRD WAVE COFFEE,,DR,512.86,19590.56
29-MAR-2026,29-MAR-2026,UPI/390518542009/BIGBASKET SUPERMKT/ICIC,,DR,2212.91,17377.65
29-MAR-2026,29-MAR-2026,UPI/637380707802/UBER INDIA SYSTEMS/HDFC,,DR,464.07,16913.58
30-MAR-2026,30-MAR-2026,POS 4795XXXXXXXX3403 PRACTO CONSULT,,DR,772.08,16141.50
31-MAR-2026,31-MAR-2026,POS 5548XXXXXXXX3754 MCDONALDS INDIA PVT,,DR,368.65,15772.85
02-APR-2026,02-APR-2026,UPI/643506750169/NOBROKER PAY RENT LANDLORD/HDFC,,DR,28000.00,-12227.15
03-APR-2026,03-APR-2026,POS 4016XXXXXXXX4407 CHAAYOS TEA CAFE,,DR,209.68,-12436.83
03-APR-2026,03-APR-2026,UPI/978089195989/APOLLO PHARMACY/HDFC,,DR,308.92,-12745.75
04-APR-2026,04-APR-2026,POS 4760XXXXXXXX9909 PVR CINEMAS LTD,,DR,1080.12,-13825.87
04-APR-2026,04-APR-2026,UPI/379957012892/UBER INDIA SYSTEMS/HDFC,,DR,110.37,-13936.24
05-APR-2026,05-APR-2026,UPI/AUTOPAY/AIRTEL BROADBAND BILL/AIRT,,DR,1199.00,-15135.24
06-APR-2026,06-APR-2026,UPI/565968056859/ZERODHA BROKING MF SIP/ZERO,,DR,12000.00,-27135.24
07-APR-2026,07-APR-2026,ACH DR NETFLIX ENTERTAINMENT SVC,,DR,649.00,-27784.24
07-APR-2026,07-APR-2026,POS 4003XXXXXXXX5848 IKEA INDIA PVT LTD,,DR,6911.56,-34695.80
07-APR-2026,07-APR-2026,UPI/341360465334/OLA CABS ANI TECH/PAYTM,,DR,575.79,-35271.59
07-APR-2026,07-APR-2026,UPI/904248861065/SWIGGY FOOD ORDER/HDFC,,DR,437.37,-35708.96
08-APR-2026,08-APR-2026,POS 4129XXXXXXXX6541 LAKME SALON,,DR,2184.07,-37893.03
08-APR-2026,08-APR-2026,POS 4341XXXXXXXX3985 THIRD WAVE COFFEE,,DR,186.71,-38079.74
08-APR-2026,08-APR-2026,UPI/AUTOPAY/BESCOM ELECTRICITY BILL/BESC,,DR,1653.87,-39733.61
09-APR-2026,09-APR-2026,ACH DR HDFC ERGO HEALTH INSURANCE PREM,,DR,2450.00,-42183.61
09-APR-2026,09-APR-2026,POS 5552XXXXXXXX1312 DMART AVENUE SUPERMARTS,,DR,1695.31,-43878.92
09-APR-2026,09-APR-2026,UPI/946914084608/WOW MOMO FOODS/AXIS,,DR,170.02,-44048.94
11-APR-2026,11-APR-2026,ACH DR SPOTIFY INDIA PREMIUM,,DR,149.00,-44197.94
11-APR-2026,11-APR-2026,POS 4998XXXXXXXX1697 CHAAYOS TEA CAFE,,DR,225.80,-44423.74
12-APR-2026,12-APR-2026,IMPS CR-252806248-KETTLE & CO-INVOICE SETTLEMENT,,CR,128995.09,84571.35
12-APR-2026,12-APR-2026,POS 4279XXXXXXXX4097 STEAM GAMES VALVE CORP,,DR,2079.73,82491.62
12-APR-2026,12-APR-2026,UPI/151266543118/NAMMA YATRI/AXIS,,DR,312.65,82178.97
12-APR-2026,12-APR-2026,UPI/159322897226/DOMINOS PIZZA IND/ICIC,,DR,804.91,81374.06
12-APR-2026,12-APR-2026,UPI/802263158277/NYKAA ECOMM/ICIC,,DR,2977.05,78397.01
12-APR-2026,12-APR-2026,UPI/815476681025/MAHANAGAR GAS BILL PAY/MGAS,,DR,916.93,77480.08
13-APR-2026,13-APR-2026,IMPS CR-393082339-KETTLE & CO-INVOICE SETTLEMENT,,CR,133499.10,210979.18
13-APR-2026,13-APR-2026,UPI/217392928569/RAPIDO BIKE TAXI/YESB,,DR,109.61,210869.57
13-APR-2026,13-APR-2026,UPI/383490047593/BIGBASKET SUPERMKT/ICIC,,DR,3045.21,207824.36
14-APR-2026,14-APR-2026,ATW-5107XXXXXXXX4796-HDFC BANK ATM CASH WITHDRAWAL,,DR,10000.00,197824.36
14-APR-2026,14-APR-2026,UPI/AUTOPAY/JIO POSTPAID BILL/RJIO,,DR,726.00,197098.36
16-APR-2026,16-APR-2026,ACH DR ADOBE CREATIVE CLOUD,,DR,1675.00,195423.36
16-APR-2026,16-APR-2026,POS 4018XXXXXXXX2805 LAKME SALON,,DR,1166.94,194256.42
17-APR-2026,17-APR-2026,UPI/151290269046/SWIGGY FOOD ORDER/HDFC,,DR,522.78,193733.64
17-APR-2026,17-APR-2026,UPI/946768162342/AMAZON SELLER SERV REFUND/HDFC,,CR,2988.37,196722.01
18-APR-2026,18-APR-2026,POS 5018XXXXXXXX5311 STARBUCKS COFFEE INDIA,,DR,434.62,196287.39
18-APR-2026,18-APR-2026,UPI/730210862532/BIGBASKET SUPERMKT/ICIC,,DR,2598.49,193688.90
19-APR-2026,19-APR-2026,ACH DR GOOGLE ONE STORAGE,,DR,210.00,193478.90
19-APR-2026,19-APR-2026,POS 4074XXXXXXXX6181 DMART AVENUE SUPERMARTS,,DR,1623.28,191855.62
19-APR-2026,19-APR-2026,UPI/307974049847/BARBEQUE NATION HOSP/HDFC,,DR,1592.92,190262.70
21-APR-2026,21-APR-2026,POS 5167XXXXXXXX1874 MCDONALDS INDIA PVT,,DR,495.74,189766.96
22-APR-2026,22-APR-2026,POS 5214XXXXXXXX6066 THIRD WAVE COFFEE,,DR,229.14,189537.82
22-APR-2026,22-APR-2026,UPI/461131096333/APOLLO PHARMACY/HDFC,,DR,555.53,188982.29
23-APR-2026,23-APR-2026,ATW-4136XXXXXXXX1159-HDFC BANK ATM CASH WITHDRAWAL,,DR,3000.00,185982.29
23-APR-2026,23-APR-2026,POS 4163XXXXXXXX4224 DECATHLON SPORTS INDIA,,DR,3142.93,182839.36
23-APR-2026,23-APR-2026,UPI/243923356616/SWIGGY FOOD ORDER/HDFC,,DR,313.73,182525.63
25-APR-2026,25-APR-2026,POS 5059XXXXXXXX2791 THIRD WAVE COFFEE,,DR,381.10,182144.53
26-APR-2026,26-APR-2026,POS 5310XXXXXXXX3864 PRACTO CONSULT,,DR,1066.25,181078.28
26-APR-2026,26-APR-2026,UPI/242777825277/PAYTM FASTAG RECHARGE/PYTM,,DR,790.36,180287.92
27-APR-2026,27-APR-2026,POS 4608XXXXXXXX1591 HPCL PETROL PUMP,,DR,1988.03,178299.89
28-APR-2026,28-APR-2026,UPI/974354152953/BEHROUZ BIRYANI/PAYTM,,DR,543.11,177756.78
29-APR-2026,29-APR-2026,POS 4647XXXXXXXX6141 CHAAYOS TEA CAFE,,DR,233.11,177523.67
01-MAY-2026,01-MAY-2026,UPI/118174409656/ZOMATO ONLINE ORDER/YESB,,DR,446.40,177077.27
02-MAY-2026,02-MAY-2026,UPI/443629171466/ZEPTO NOW/YESB,,DR,893.40,176183.87
02-MAY-2026,02-MAY-2026,UPI/830651163052/OLA CABS ANI TECH/PAYTM,,DR,534.48,175649.39
02-MAY-2026,02-MAY-2026,UPI/875355084202/NOBROKER PAY RENT LANDLORD/HDFC,,DR,28000.00,147649.39
03-MAY-2026,03-MAY-2026,POS 4185XXXXXXXX3854 THIRD WAVE COFFEE,,DR,303.37,147346.02
03-MAY-2026,03-MAY-2026,POS 4890XXXXXXXX3738 PRACTO CONSULT,,DR,915.84,146430.18
04-MAY-2026,04-MAY-2026,UPI/303062495325/UBER INDIA SYSTEMS/HDFC,,DR,123.09,146307.09
04-MAY-2026,04-MAY-2026,UPI/812499383748/BEHROUZ BIRYANI/PAYTM,,DR,706.48,145600.61
05-MAY-2026,05-MAY-2026,UPI/AUTOPAY/AIRTEL BROADBAND BILL/AIRT,,DR,1199.00,144401.61
06-MAY-2026,06-MAY-2026,POS 5241XXXXXXXX1164 DECATHLON SPORTS INDIA,,DR,1762.65,142638.96
06-MAY-2026,06-MAY-2026,UPI/373162393760/ZERODHA BROKING MF SIP/ZERO,,DR,12000.00,130638.96
06-MAY-2026,06-MAY-2026,UPI/697984146382/SWIGGY FOOD ORDER/HDFC,,DR,698.70,129940.26
07-MAY-2026,07-MAY-2026,ACH DR NETFLIX ENTERTAINMENT SVC,,DR,649.00,129291.26
07-MAY-2026,07-MAY-2026,UPI/116350583841/ZOMATO ONLINE ORDER/YESB,,DR,699.12,128592.14
08-MAY-2026,08-MAY-2026,UPI/845602451807/WOW MOMO FOODS/AXIS,,DR,300.13,128292.01
08-MAY-2026,08-MAY-2026,UPI/AUTOPAY/BESCOM ELECTRICITY BILL/BESC,,DR,2709.93,125582.08
09-MAY-2026,09-MAY-2026,ACH DR HDFC ERGO HEALTH INSURANCE PREM,,DR,2450.00,123132.08
09-MAY-2026,09-MAY-2026,POS 4609XXXXXXXX8718 HPCL PETROL PUMP,,DR,3369.05,119763.03
09-MAY-2026,09-MAY-2026,UPI/605859981141/ZOMATO ONLINE ORDER/YESB,,DR,596.91,119166.12
10-MAY-2026,10-MAY-2026,POS 4518XXXXXXXX4551 STARBUCKS COFFEE INDIA,,DR,375.51,118790.61
10-MAY-2026,10-MAY-2026,UPI/802325028888/URBAN COMPANY SALON/HDFC,,DR,1477.49,117313.12
11-MAY-2026,11-MAY-2026,ACH DR SPOTIFY INDIA PREMIUM,,DR,149.00,117164.12
11-MAY-2026,11-MAY-2026,POS 4718XXXXXXXX7113 STARBUCKS COFFEE INDIA,,DR,404.77,116759.35
12-MAY-2026,12-MAY-2026,UPI/639722851690/URBAN COMPANY SALON/HDFC,,DR,773.46,115985.89
12-MAY-2026,12-MAY-2026,UPI/882878079439/MAHANAGAR GAS BILL PAY/MGAS,,DR,731.78,115254.11
13-MAY-2026,13-MAY-2026,POS 5111XXXXXXXX9387 CHAAYOS TEA CAFE,,DR,213.36,115040.75
13-MAY-2026,13-MAY-2026,UPI/242604972440/RAPIDO BIKE TAXI/YESB,,DR,74.35,114966.40
14-MAY-2026,14-MAY-2026,UPI/580408147971/RAPIDO BIKE TAXI/YESB,,DR,215.28,114751.12
14-MAY-2026,14-MAY-2026,UPI/AUTOPAY/JIO POSTPAID BILL/RJIO,,DR,900.00,113851.12
15-MAY-2026,15-MAY-2026,UPI/167051897708/NYKAA ECOMM/ICIC,,DR,1732.98,112118.14
15-MAY-2026,15-MAY-2026,UPI/335993543184/RAPIDO BIKE TAXI/YESB,,DR,128.91,111989.23
16-MAY-2026,16-MAY-2026,ACH DR ADOBE CREATIVE CLOUD,,DR,1675.00,110314.23
16-MAY-2026,16-MAY-2026,POS 5378XXXXXXXX7196 MCDONALDS INDIA PVT,,DR,392.51,109921.72
17-MAY-2026,17-MAY-2026,IMPS CR-692016648-BLUEPRINT STUDIO-INVOICE SETTLEMENT,,CR,58521.11,168442.83
17-MAY-2026,17-MAY-2026,UPI/560524791225/BEHROUZ BIRYANI/PAYTM,,DR,1081.44,167361.39
18-MAY-2026,18-MAY-2026,IMPS CR-608309941-MERIDIAN LABS-INVOICE SETTLEMENT,,CR,49736.73,217098.12
19-MAY-2026,19-MAY-2026,ACH DR GOOGLE ONE STORAGE,,DR,210.00,216888.12
19-MAY-2026,19-MAY-2026,POS 5287XXXXXXXX3750 DECATHLON SPORTS INDIA,,DR,4326.61,212561.51
19-MAY-2026,19-MAY-2026,UPI/366537685622/SWIGGY FOOD ORDER/HDFC,,DR,351.58,212209.93
20-MAY-2026,20-MAY-2026,ATW-4155XXXXXXXX5999-HDFC BANK ATM CASH WITHDRAWAL,,DR,5000.00,207209.93
20-MAY-2026,20-MAY-2026,UPI/843781372583/OLA CABS ANI TECH/PAYTM,,DR,669.11,206540.82
22-MAY-2026,22-MAY-2026,POS 4799XXXXXXXX6239 HPCL PETROL PUMP,,DR,2073.45,204467.37
23-MAY-2026,23-MAY-2026,POS 5297XXXXXXXX6386 PVR CINEMAS LTD,,DR,397.75,204069.62
23-MAY-2026,23-MAY-2026,UPI/405229831120/WOW MOMO FOODS/AXIS,,DR,610.88,203458.74
24-MAY-2026,24-MAY-2026,UPI/879727546414/OLA CABS ANI TECH/PAYTM,,DR,136.28,203322.46
24-MAY-2026,24-MAY-2026,UPI/974884680912/CRED CLUB CREDIT CARD BILL/AXIS,,DR,10679.64,192642.82
25-MAY-2026,25-MAY-2026,POS 4962XXXXXXXX3847 MCDONALDS INDIA PVT,,DR,441.35,192201.47
26-MAY-2026,26-MAY-2026,UPI/212074390242/OLA CABS ANI TECH/PAYTM,,DR,452.87,191748.60
31-MAY-2026,31-MAY-2026,POS 5329XXXXXXXX3583 PVR CINEMAS LTD,,DR,1133.10,190615.50
31-MAY-2026,31-MAY-2026,UPI/536557694026/DOMINOS PIZZA IND/ICIC,,DR,928.95,189686.55
01-JUN-2026,01-JUN-2026,UPI/100055296835/BARBEQUE NATION HOSP/HDFC,,DR,2607.14,187079.41
02-JUN-2026,02-JUN-2026,POS 4149XXXXXXXX5173 AMAZON SELLER SERVICES,,DR,1327.44,185751.97
02-JUN-2026,02-JUN-2026,UPI/939234063909/NOBROKER PAY RENT LANDLORD/HDFC,,DR,28000.00,157751.97
03-JUN-2026,03-JUN-2026,UPI/255597932290/RAPIDO BIKE TAXI/YESB,,DR,130.78,157621.19
03-JUN-2026,03-JUN-2026,UPI/336848150717/BIGBASKET SUPERMKT/ICIC,,DR,1280.63,156340.56
04-JUN-2026,04-JUN-2026,IMPS CR-572391875-KETTLE & CO-INVOICE SETTLEMENT,,CR,134257.74,290598.30
04-JUN-2026,04-JUN-2026,UPI/493978096030/ZEPTO NOW/YESB,,DR,736.42,289861.88
04-JUN-2026,04-JUN-2026,UPI/651077998528/ZOMATO ONLINE ORDER/YESB,,DR,482.84,289379.04
05-JUN-2026,05-JUN-2026,UPI/371289996932/ZEPTO NOW/YESB,,DR,1059.46,288319.58
05-JUN-2026,05-JUN-2026,UPI/AUTOPAY/AIRTEL BROADBAND BILL/AIRT,,DR,1199.00,287120.58
06-JUN-2026,06-JUN-2026,POS 4561XXXXXXXX5745 IRCTC RAIL TICKET BOOKING,,DR,1528.83,285591.75
06-JUN-2026,06-JUN-2026,POS 4996XXXXXXXX5567 MYNTRA DESIGNS PVT LTD,,DR,2185.68,283406.07
06-JUN-2026,06-JUN-2026,POS 5324XXXXXXXX9792 STARBUCKS COFFEE INDIA,,DR,313.70,283092.37
06-JUN-2026,06-JUN-2026,POS 5452XXXXXXXX8424 PVR CINEMAS LTD,,DR,516.87,282575.50
06-JUN-2026,06-JUN-2026,UPI/192468651524/ZERODHA BROKING MF SIP/ZERO,,DR,12000.00,270575.50
06-JUN-2026,06-JUN-2026,UPI/990288634589/BLINKIT GROCERY/HDFC,,DR,693.16,269882.34
07-JUN-2026,07-JUN-2026,ACH DR NETFLIX ENTERTAINMENT SVC,,DR,649.00,269233.34
07-JUN-2026,07-JUN-2026,IMPS CR-943382333-NORTHWIND SAAS-INVOICE SETTLEMENT,,CR,140205.88,409439.22
07-JUN-2026,07-JUN-2026,UPI/132475466023/URBAN COMPANY SALON/HDFC,,DR,1290.10,408149.12
08-JUN-2026,08-JUN-2026,POS 4363XXXXXXXX1642 DECATHLON SPORTS INDIA,,DR,3085.41,405063.71
08-JUN-2026,08-JUN-2026,UPI/660536576380/UBER INDIA SYSTEMS/HDFC,,DR,299.30,404764.41
08-JUN-2026,08-JUN-2026,UPI/AUTOPAY/BESCOM ELECTRICITY BILL/BESC,,DR,2748.68,402015.73
09-JUN-2026,09-JUN-2026,ACH DR HDFC ERGO HEALTH INSURANCE PREM,,DR,2450.00,399565.73
09-JUN-2026,09-JUN-2026,POS 4277XXXXXXXX1036 DMART AVENUE SUPERMARTS,,DR,2327.91,397237.82
09-JUN-2026,09-JUN-2026,POS 4982XXXXXXXX7078 HPCL PETROL PUMP,,DR,2594.81,394643.01
11-JUN-2026,11-JUN-2026,ACH DR SPOTIFY INDIA PREMIUM,,DR,149.00,394494.01
11-JUN-2026,11-JUN-2026,POS 4438XXXXXXXX3016 LAKME SALON,,DR,1188.19,393305.82
12-JUN-2026,12-JUN-2026,IMPS CR-806473267-BLUEPRINT STUDIO-INVOICE SETTLEMENT,,CR,88622.54,481928.36
12-JUN-2026,12-JUN-2026,POS 5260XXXXXXXX6991 HPCL PETROL PUMP,,DR,1985.54,479942.82
12-JUN-2026,12-JUN-2026,UPI/183064166068/MAHANAGAR GAS BILL PAY/MGAS,,DR,1029.59,478913.23
13-JUN-2026,13-JUN-2026,POS 4017XXXXXXXX4629 THIRD WAVE COFFEE,,DR,414.06,478499.17
13-JUN-2026,13-JUN-2026,POS 4523XXXXXXXX2624 IRCTC RAIL TICKET BOOKING,,DR,1860.45,476638.72
14-JUN-2026,14-JUN-2026,NEFT DR-INCOME TAX DEPT-ADVANCE TAX INSTALMENT,,DR,50435.68,426203.04
14-JUN-2026,14-JUN-2026,POS 4813XXXXXXXX7481 MAKEMYTRIP FLIGHT BOOKING BLR-GOI,,DR,38400.00,387803.04
14-JUN-2026,14-JUN-2026,POS 5002XXXXXXXX2947 STARBUCKS COFFEE INDIA,,DR,399.74,387403.30
14-JUN-2026,14-JUN-2026,POS 5461XXXXXXXX7769 IRCTC RAIL TICKET BOOKING,,DR,524.33,386878.97
14-JUN-2026,14-JUN-2026,UPI/AUTOPAY/JIO POSTPAID BILL/RJIO,,DR,900.00,385978.97
15-JUN-2026,15-JUN-2026,POS 4151XXXXXXXX6977 MCDONALDS INDIA PVT,,DR,411.77,385567.20
15-JUN-2026,15-JUN-2026,POS 4819XXXXXXXX7971 TAJ RESORTS HOTEL BOOKING,,DR,46800.00,338767.20
15-JUN-2026,15-JUN-2026,UPI/206917997003/UBER INDIA SYSTEMS/HDFC,,DR,187.66,338579.54
16-JUN-2026,16-JUN-2026,ACH DR ADOBE CREATIVE CLOUD,,DR,1675.00,336904.54
16-JUN-2026,16-JUN-2026,UPI/303255446555/PHARMEASY ONLINE/ICIC,,DR,980.50,335924.04
18-JUN-2026,18-JUN-2026,ATW-5293XXXXXXXX8181-HDFC BANK ATM CASH WITHDRAWAL,,DR,5000.00,330924.04
18-JUN-2026,18-JUN-2026,UPI/642142106484/RAPIDO BIKE TAXI/YESB,,DR,59.73,330864.31
19-JUN-2026,19-JUN-2026,ACH DR GOOGLE ONE STORAGE,,DR,210.00,330654.31
19-JUN-2026,19-JUN-2026,POS 5155XXXXXXXX4333 PRACTO CONSULT,,DR,869.52,329784.79
19-JUN-2026,19-JUN-2026,UPI/545350067102/NAMMA YATRI/AXIS,,DR,326.87,329457.92
20-JUN-2026,20-JUN-2026,UPI/239426515615/BEHROUZ BIRYANI/PAYTM,,DR,1069.29,328388.63
20-JUN-2026,20-JUN-2026,UPI/438088499398/BIGBASKET SUPERMKT/ICIC,,DR,872.84,327515.79
20-JUN-2026,20-JUN-2026,UPI/997409701152/RAPIDO BIKE TAXI/YESB,,DR,175.82,327339.97
21-JUN-2026,21-JUN-2026,POS 4106XXXXXXXX6361 MCDONALDS INDIA PVT,,DR,338.16,327001.81
21-JUN-2026,21-JUN-2026,UPI/634642602355/CRED CLUB CREDIT CARD BILL/AXIS,,DR,8249.70,318752.11
21-JUN-2026,21-JUN-2026,UPI/699813780071/UBER INDIA SYSTEMS/HDFC,,DR,558.02,318194.09
22-JUN-2026,22-JUN-2026,UPI/388140136484/BARBEQUE NATION HOSP/HDFC,,DR,2437.72,315756.37
23-JUN-2026,23-JUN-2026,UPI/180778521389/UBER INDIA SYSTEMS/HDFC,,DR,636.65,315119.72
25-JUN-2026,25-JUN-2026,ATW-4189XXXXXXXX9549-HDFC BANK ATM CASH WITHDRAWAL,,DR,2000.00,313119.72
25-JUN-2026,25-JUN-2026,UPI/222551707635/FLIPKART INTERNET/HDFC,,DR,2315.27,310804.45
26-JUN-2026,26-JUN-2026,UPI/245187565606/APOLLO PHARMACY/HDFC,,DR,1525.08,309279.37
27-JUN-2026,27-JUN-2026,UPI/863696318693/RAPIDO BIKE TAXI/YESB,,DR,134.81,309144.56
28-JUN-2026,28-JUN-2026,UPI/164514866919/WOW MOMO FOODS/AXIS,,DR,494.70,308649.86
28-JUN-2026,28-JUN-2026,UPI/427603121766/NAMMA YATRI/AXIS,,DR,315.79,308334.07
29-JUN-2026,29-JUN-2026,UPI/107033912100/UBER INDIA SYSTEMS/HDFC,,DR,608.58,307725.49
01-JUL-2026,01-JUL-2026,UPI/122516563045/BARBEQUE NATION HOSP/HDFC,,DR,2703.75,305021.74
02-JUL-2026,02-JUL-2026,UPI/411693408138/WOW MOMO FOODS/AXIS,,DR,200.33,304821.41
02-JUL-2026,02-JUL-2026,UPI/866398554395/NAMMA YATRI/AXIS,,DR,217.97,304603.44
02-JUL-2026,02-JUL-2026,UPI/922908649602/NOBROKER PAY RENT LANDLORD/HDFC,,DR,28000.00,276603.44
03-JUL-2026,03-JUL-2026,UPI/263210493161/BARBEQUE NATION HOSP/HDFC,,DR,2202.43,274401.01
04-JUL-2026,04-JUL-2026,POS 4212XXXXXXXX2266 DECATHLON SPORTS INDIA,,DR,2821.66,271579.35
04-JUL-2026,04-JUL-2026,POS 4666XXXXXXXX4749 IRCTC RAIL TICKET BOOKING,,DR,551.48,271027.87
05-JUL-2026,05-JUL-2026,UPI/461454429347/SWIGGY FOOD ORDER/HDFC,,DR,771.59,270256.28
05-JUL-2026,05-JUL-2026,UPI/AUTOPAY/AIRTEL BROADBAND BILL/AIRT,,DR,1199.00,269057.28
06-JUL-2026,06-JUL-2026,POS 4047XXXXXXXX9953 MCDONALDS INDIA PVT,,DR,228.54,268828.74
06-JUL-2026,06-JUL-2026,POS 5535XXXXXXXX8815 PRACTO CONSULT,,DR,1051.56,267777.18
06-JUL-2026,06-JUL-2026,UPI/126041052270/UBER INDIA SYSTEMS/HDFC,,DR,377.23,267399.95
06-JUL-2026,06-JUL-2026,UPI/152832298928/BLINKIT GROCERY/HDFC,,DR,1017.40,266382.55
06-JUL-2026,06-JUL-2026,UPI/419250449890/ZERODHA BROKING MF SIP/ZERO,,DR,12000.00,254382.55
07-JUL-2026,07-JUL-2026,ACH DR NETFLIX ENTERTAINMENT SVC,,DR,649.00,253733.55
07-JUL-2026,07-JUL-2026,POS 5358XXXXXXXX7728 THIRD WAVE COFFEE,,DR,325.22,253408.33
07-JUL-2026,07-JUL-2026,UPI/128317915515/UBER INDIA SYSTEMS/HDFC,,DR,251.69,253156.64
08-JUL-2026,08-JUL-2026,ATW-4372XXXXXXXX7760-HDFC BANK ATM CASH WITHDRAWAL,,DR,2000.00,251156.64
08-JUL-2026,08-JUL-2026,UPI/253235332258/UBER INDIA SYSTEMS/HDFC,,DR,272.70,250883.94
08-JUL-2026,08-JUL-2026,UPI/AUTOPAY/BESCOM ELECTRICITY BILL/BESC,,DR,1376.21,249507.73
09-JUL-2026,09-JUL-2026,ACH DR HDFC ERGO HEALTH INSURANCE PREM,,DR,2450.00,247057.73
09-JUL-2026,09-JUL-2026,UPI/204172581357/FLIPKART INTERNET/HDFC,,DR,1346.23,245711.50
10-JUL-2026,10-JUL-2026,UPI/785315507294/APOLLO PHARMACY/HDFC,,DR,1057.40,244654.10
11-JUL-2026,11-JUL-2026,ACH DR SPOTIFY INDIA PREMIUM,,DR,149.00,244505.10
11-JUL-2026,11-JUL-2026,POS 4565XXXXXXXX3789 THIRD WAVE COFFEE,,DR,473.45,244031.65
11-JUL-2026,11-JUL-2026,UPI/517775046085/OLA CABS ANI TECH/PAYTM,,DR,320.34,243711.31
11-JUL-2026,11-JUL-2026,UPI/663579348608/COUNTRY DELIGHT MILK/AXIS,,DR,731.53,242979.78
12-JUL-2026,12-JUL-2026,IMPS CR-982483562-KETTLE & CO-INVOICE SETTLEMENT,,CR,51716.48,294696.26
12-JUL-2026,12-JUL-2026,POS 4949XXXXXXXX6240 PVR CINEMAS LTD,,DR,567.99,294128.27
12-JUL-2026,12-JUL-2026,UPI/338239024851/MAHANAGAR GAS BILL PAY/MGAS,,DR,1105.13,293023.14
14-JUL-2026,14-JUL-2026,UPI/275344082746/UBER INDIA SYSTEMS/HDFC,,DR,653.08,292370.06
14-JUL-2026,14-JUL-2026,UPI/AUTOPAY/JIO POSTPAID BILL/RJIO,,DR,900.00,291470.06
15-JUL-2026,15-JUL-2026,UPI/565865739280/DOMINOS PIZZA IND/ICIC,,DR,908.33,290561.73
15-JUL-2026,15-JUL-2026,UPI/656160523802/BLINKIT GROCERY/HDFC,,DR,1517.59,289044.14
16-JUL-2026,16-JUL-2026,ACH DR ADOBE CREATIVE CLOUD,,DR,1675.00,287369.14
16-JUL-2026,16-JUL-2026,UPI/321519776125/CRED CLUB CREDIT CARD BILL/AXIS,,DR,8103.27,279265.87
18-JUL-2026,18-JUL-2026,POS 4294XXXXXXXX7113 AMAZON SELLER SERVICES,,DR,574.39,278691.48
18-JUL-2026,18-JUL-2026,POS 4453XXXXXXXX4134 THIRD WAVE COFFEE,,DR,464.91,278226.57
19-JUL-2026,19-JUL-2026,ACH DR GOOGLE ONE STORAGE,,DR,210.00,278016.57
19-JUL-2026,19-JUL-2026,UPI/522094188142/BIGBASKET SUPERMKT/ICIC,,DR,1898.17,276118.40
20-JUL-2026,20-JUL-2026,POS 4008XXXXXXXX4632 MCDONALDS INDIA PVT,,DR,411.97,275706.43
20-JUL-2026,20-JUL-2026,UPI/267766426284/OLA CABS ANI TECH/PAYTM,,DR,446.92,275259.51
21-JUL-2026,21-JUL-2026,UPI/462972179821/OLA CABS ANI TECH/PAYTM,,DR,614.86,274644.65
22-JUL-2026,22-JUL-2026,POS 4449XXXXXXXX5529 IRCTC RAIL TICKET BOOKING,,DR,917.44,273727.21
23-JUL-2026,23-JUL-2026,UPI/555470327030/SWIGGY FOOD ORDER/HDFC,,DR,372.35,273354.86
23-JUL-2026,23-JUL-2026,UPI/854243062207/OLA CABS ANI TECH/PAYTM,,DR,325.88,273028.98
24-JUL-2026,24-JUL-2026,POS 4545XXXXXXXX2366 IRCTC RAIL TICKET BOOKING,,DR,2205.09,270823.89
25-JUL-2026,25-JUL-2026,POS 4744XXXXXXXX9223 HPCL PETROL PUMP,,DR,2585.28,268238.61
26-JUL-2026,26-JUL-2026,POS 5187XXXXXXXX6346 STEAM GAMES VALVE CORP,,DR,2023.64,266214.97
26-JUL-2026,26-JUL-2026,POS 5414XXXXXXXX1986 CHAAYOS TEA CAFE,,DR,381.49,265833.48
27-JUL-2026,27-JUL-2026,UPI/314044348124/BARBEQUE NATION HOSP/HDFC,,DR,1508.96,264324.52
27-JUL-2026,27-JUL-2026,UPI/650471888398/RAPIDO BIKE TAXI/YESB,,DR,211.86,264112.66
28-JUL-2026,28-JUL-2026,POS 4792XXXXXXXX6682 CULT FIT FITNESS,,DR,2015.53,262097.13
01-AUG-2026,01-AUG-2026,POS 4978XXXXXXXX6312 DMART AVENUE SUPERMARTS,,DR,1813.84,260283.29
01-AUG-2026,01-AUG-2026,POS 5067XXXXXXXX1669 THIRD WAVE COFFEE,,DR,306.26,259977.03
02-AUG-2026,02-AUG-2026,POS 5315XXXXXXXX5326 MCDONALDS INDIA PVT,,DR,767.57,259209.46
02-AUG-2026,02-AUG-2026,UPI/807991887835/NOBROKER PAY RENT LANDLORD/HDFC,,DR,28000.00,231209.46
